suite,task_id,task_name,task_description,episode_idx,instance_id,total_episode_idx,policy_name,checkpoint_ref,initial_states_path,success,num_env_steps,error_type
libero_goal,0,open_the_middle_drawer_of_the_cabinet,open the middle drawer of the cabinet,0,libero_goal/open_the_middle_drawer_of_the_cabinet/0000,0,spatial_forcing,/share/data/ripl/tianchong/projects/Eval_Policies_CoRL/checkpoints/spatial-forcing-7b-finetuned-libero-goal,/share/data/ripl/tianchong/projects/Eval_Policies_CoRL/artifacts/libero/init_state_layer2_4suite_2500_seed20260519,1,126,
libero_goal,0,open_the_middle_drawer_of_the_cabinet,open the middle drawer of the cabinet,1,libero_goal/open_the_middle_drawer_of_the_cabinet/0001,1,spatial_forcing,/share/data/ripl/tianchong/projects/Eval_Policies_CoRL/checkpoints/spatial-forcing-7b-finetuned-libero-goal,/share/data/ripl/tianchong/projects/Eval_Policies_CoRL/artifacts/libero/init_state_layer2_4suite_2500_seed20260519,1,127,
libero_goal,0,open_the_middle_drawer_of_the_cabinet,open the middle drawer of the cabinet,2,libero_goal/open_the_middle_drawer_of_the_cabinet/0002,2,spatial_forcing,/share/data/ripl/tianchong/projects/Eval_Policies_CoRL/checkpoints/spatial-forcing-7b-finetuned-libero-goal,/share/data/ripl/tianchong/projects/Eval_Policies_CoRL/artifacts/libero/init_state_layer2_4suite_2500_seed20260519,1,132,
libero_goal,0,open_the_middle_drawer_of_the_cabinet,open the middle drawer of the cabinet,3,libero_goal/open_the_middle_drawer_of_the_cabinet/0003,3,spatial_forcing,/share/data/ripl/tianchong/projects/Eval_Policies_CoRL/checkpoints/spatial-forcing-7b-finetuned-libero-goal,/share/data/ripl/tianchong/projects/Eval_Policies_CoRL/artifacts/libero/init_state_layer2_4suite_2500_seed20260519,1,125,
libero_goal,0,open_the_middle_drawer_of_the_cabinet,open the middle drawer of the cabinet,4,libero_goal/open_the_middle_drawer_of_the_cabinet/0004,4,spatial_forcing,/share/data/ripl/tianchong/projects/Eval_Policies_CoRL/checkpoints/spatial-forcing-7b-finetuned-libero-goal,/share/data/ripl/tianchong/projects/Eval_Policies_CoRL/artifacts/libero/init_state_layer2_4suite_2500_seed20260519,1,124,
libero_goal,0,open_the_middle_drawer_of_the_cabinet,open the middle drawer of the cabinet,5,libero_goal/open_the_middle_drawer_of_the_cabinet/0005,5,spatial_forcing,/share/data/ripl/tianchong/projects/Eval_Policies_CoRL/checkpoints/spatial-forcing-7b-finetuned-libero-goal,/share/data/ripl/tianchong/projects/Eval_Policies_CoRL/artifacts/libero/init_state_layer2_4suite_2500_seed20260519,1,117,
libero_goal,0,open_the_middle_drawer_of_the_cabinet,open the middle drawer of the cabinet,6,libero_goal/open_the_middle_drawer_of_the_cabinet/0006,6,spatial_forcing,/share/data/ripl/tianchong/projects/Eval_Policies_CoRL/checkpoints/spatial-forcing-7b-finetuned-libero-goal,/share/data/ripl/tianchong/projects/Eval_Policies_CoRL/artifacts/libero/init_state_layer2_4suite_2500_seed20260519,1,130,
libero_goal,0,open_the_middle_drawer_of_the_cabinet,open the middle drawer of the cabinet,7,libero_goal/open_the_middle_drawer_of_the_cabinet/0007,7,spatial_forcing,/share/data/ripl/tianchong/projects/Eval_Policies_CoRL/checkpoints/spatial-forcing-7b-finetuned-libero-goal,/share/data/ripl/tianchong/projects/Eval_Policies_CoRL/artifacts/libero/init_state_layer2_4suite_2500_seed20260519,1,125,
libero_goal,0,open_the_middle_drawer_of_the_cabinet,open the middle drawer of the cabinet,8,libero_goal/open_the_middle_drawer_of_the_cabinet/0008,8,spatial_forcing,/share/data/ripl/tianchong/projects/Eval_Policies_CoRL/checkpoints/spatial-forcing-7b-finetuned-libero-goal,/share/data/ripl/tianchong/projects/Eval_Policies_CoRL/artifacts/libero/init_state_layer2_4suite_2500_seed20260519,1,131,
libero_goal,0,open_the_middle_drawer_of_the_cabinet,open the middle drawer of the cabinet,9,libero_goal/open_the_middle_drawer_of_the_cabinet/0009,9,spatial_forcing,/share/data/ripl/tianchong/projects/Eval_Policies_CoRL/checkpoints/spatial-forcing-7b-finetuned-libero-goal,/share/data/ripl/tianchong/projects/Eval_Policies_CoRL/artifacts/libero/init_state_layer2_4suite_2500_seed20260519,1,129,
libero_goal,0,open_the_middle_drawer_of_the_cabinet,open the middle drawer of the cabinet,10,libero_goal/open_the_middle_drawer_of_the_cabinet/0010,10,spatial_forcing,/share/data/ripl/tianchong/projects/Eval_Policies_CoRL/checkpoints/spatial-forcing-7b-finetuned-libero-goal,/share/data/ripl/tianchong/projects/Eval_Policies_CoRL/artifacts/libero/init_state_layer2_4suite_2500_seed20260519,1,125,
libero_goal,0,open_the_middle_drawer_of_the_cabinet,open the middle drawer of the cabinet,11,libero_goal/open_the_middle_drawer_of_the_cabinet/0011,11,spatial_forcing,/share/data/ripl/tianchong/projects/Eval_Policies_CoRL/checkpoints/spatial-forcing-7b-finetuned-libero-goal,/share/data/ripl/tianchong/projects/Eval_Policies_CoRL/artifacts/libero/init_state_layer2_4suite_2500_seed20260519,1,129,
libero_goal,0,open_the_middle_drawer_of_the_cabinet,open the middle drawer of the cabinet,12,libero_goal/open_the_middle_drawer_of_the_cabinet/0012,12,spatial_forcing,/share/data/ripl/tianchong/projects/Eval_Policies_CoRL/checkpoints/spatial-forcing-7b-finetuned-libero-goal,/share/data/ripl/tianchong/projects/Eval_Policies_CoRL/artifacts/libero/init_state_layer2_4suite_2500_seed20260519,1,136,
libero_goal,0,open_the_middle_drawer_of_the_cabinet,open the middle drawer of the cabinet,13,libero_goal/open_the_middle_drawer_of_the_cabinet/0013,13,spatial_forcing,/share/data/ripl/tianchong/projects/Eval_Policies_CoRL/checkpoints/spatial-forcing-7b-finetuned-libero-goal,/share/data/ripl/tianchong/projects/Eval_Policies_CoRL/artifacts/libero/init_state_layer2_4suite_2500_seed20260519,1,139,
libero_goal,0,open_the_middle_drawer_of_the_cabinet,open the middle drawer of the cabinet,14,libero_goal/open_the_middle_drawer_of_the_cabinet/0014,14,spatial_forcing,/share/data/ripl/tianchong/projects/Eval_Policies_CoRL/checkpoints/spatial-forcing-7b-finetuned-libero-goal,/share/data/ripl/tianchong/projects/Eval_Policies_CoRL/artifacts/libero/init_state_layer2_4suite_2500_seed20260519,1,130,
libero_goal,0,open_the_middle_drawer_of_the_cabinet,open the middle drawer of the cabinet,15,libero_goal/open_the_middle_drawer_of_the_cabinet/0015,15,spatial_forcing,/share/data/ripl/tianchong/projects/Eval_Policies_CoRL/checkpoints/spatial-forcing-7b-finetuned-libero-goal,/share/data/ripl/tianchong/projects/Eval_Policies_CoRL/artifacts/libero/init_state_layer2_4suite_2500_seed20260519,1,140,
libero_goal,0,open_the_middle_drawer_of_the_cabinet,open the middle drawer of the cabinet,16,libero_goal/open_the_middle_drawer_of_the_cabinet/0016,16,spatial_forcing,/share/data/ripl/tianchong/projects/Eval_Policies_CoRL/checkpoints/spatial-forcing-7b-finetuned-libero-goal,/share/data/ripl/tianchong/projects/Eval_Policies_CoRL/artifacts/libero/init_state_layer2_4suite_2500_seed20260519,1,126,
libero_goal,0,open_the_middle_drawer_of_the_cabinet,open the middle drawer of the cabinet,17,libero_goal/open_the_middle_drawer_of_the_cabinet/0017,17,spatial_forcing,/share/data/ripl/tianchong/projects/Eval_Policies_CoRL/checkpoints/spatial-forcing-7b-finetuned-libero-goal,/share/data/ripl/tianchong/projects/Eval_Policies_CoRL/artifacts/libero/init_state_layer2_4suite_2500_seed20260519,1,129,
libero_goal,0,open_the_middle_drawer_of_the_cabinet,open the middle drawer of the cabinet,18,libero_goal/open_the_middle_drawer_of_the_cabinet/0018,18,spatial_forcing,/share/data/ripl/tianchong/projects/Eval_Policies_CoRL/checkpoints/spatial-forcing-7b-finetuned-libero-goal,/share/data/ripl/tianchong/projects/Eval_Policies_CoRL/artifacts/libero/init_state_layer2_4suite_2500_seed20260519,1,132,
libero_goal,0,open_the_middle_drawer_of_the_cabinet,open the middle drawer of the cabinet,19,libero_goal/open_the_middle_drawer_of_the_cabinet/0019,19,spatial_forcing,/share/data/ripl/tianchong/projects/Eval_Policies_CoRL/checkpoints/spatial-forcing-7b-finetuned-libero-goal,/share/data/ripl/tianchong/projects/Eval_Policies_CoRL/artifacts/libero/init_state_layer2_4suite_2500_seed20260519,1,138,
libero_goal,0,open_the_middle_drawer_of_the_cabinet,open the middle drawer of the cabinet,20,libero_goal/open_the_middle_drawer_of_the_cabinet/0020,20,spatial_forcing,/share/data/ripl/tianchong/projects/Eval_Policies_CoRL/checkpoints/spatial-forcing-7b-finetuned-libero-goal,/share/data/ripl/tianchong/projects/Eval_Policies_CoRL/artifacts/libero/init_state_layer2_4suite_2500_seed20260519,1,127,
libero_goal,0,open_the_middle_drawer_of_the_cabinet,open the middle drawer of the cabinet,21,libero_goal/open_the_middle_drawer_of_the_cabinet/0021,21,spatial_forcing,/share/data/ripl/tianchong/projects/Eval_Policies_CoRL/checkpoints/spatial-forcing-7b-finetuned-libero-goal,/share/data/ripl/tianchong/projects/Eval_Policies_CoRL/artifacts/libero/init_state_layer2_4suite_2500_seed20260519,1,128,
libero_goal,0,open_the_middle_drawer_of_the_cabinet,open the middle drawer of the cabinet,22,libero_goal/open_the_middle_drawer_of_the_cabinet/0022,22,spatial_forcing,/share/data/ripl/tianchong/projects/Eval_Policies_CoRL/checkpoints/spatial-forcing-7b-finetuned-libero-goal,/share/data/ripl/tianchong/projects/Eval_Policies_CoRL/artifacts/libero/init_state_layer2_4suite_2500_seed20260519,1,132,
libero_goal,0,open_the_middle_drawer_of_the_cabinet,open the middle drawer of the cabinet,23,libero_goal/open_the_middle_drawer_of_the_cabinet/0023,23,spatial_forcing,/share/data/ripl/tianchong/projects/Eval_Policies_CoRL/checkpoints/spatial-forcing-7b-finetuned-libero-goal,/share/data/ripl/tianchong/projects/Eval_Policies_CoRL/artifacts/libero/init_state_layer2_4suite_2500_seed20260519,1,130,
libero_goal,0,open_the_middle_drawer_of_the_cabinet,open the middle drawer of the cabinet,24,libero_goal/open_the_middle_drawer_of_the_cabinet/0024,24,spatial_forcing,/share/data/ripl/tianchong/projects/Eval_Policies_CoRL/checkpoints/spatial-forcing-7b-finetuned-libero-goal,/share/data/ripl/tianchong/projects/Eval_Policies_CoRL/artifacts/libero/init_state_layer2_4suite_2500_seed20260519,1,137,
libero_goal,0,open_the_middle_drawer_of_the_cabinet,open the middle drawer of the cabinet,25,libero_goal/open_the_middle_drawer_of_the_cabinet/0025,25,spatial_forcing,/share/data/ripl/tianchong/projects/Eval_Policies_CoRL/checkpoints/spatial-forcing-7b-finetuned-libero-goal,/share/data/ripl/tianchong/projects/Eval_Policies_CoRL/artifacts/libero/init_state_layer2_4suite_2500_seed20260519,1,130,
libero_goal,0,open_the_middle_drawer_of_the_cabinet,open the middle drawer of the cabinet,26,libero_goal/open_the_middle_drawer_of_the_cabinet/0026,26,spatial_forcing,/share/data/ripl/tianchong/projects/Eval_Policies_CoRL/checkpoints/spatial-forcing-7b-finetuned-libero-goal,/share/data/ripl/tianchong/projects/Eval_Policies_CoRL/artifacts/libero/init_state_layer2_4suite_2500_seed20260519,1,130,
libero_goal,0,open_the_middle_drawer_of_the_cabinet,open the middle drawer of the cabinet,27,libero_goal/open_the_middle_drawer_of_the_cabinet/0027,27,spatial_forcing,/share/data/ripl/tianchong/projects/Eval_Policies_CoRL/checkpoints/spatial-forcing-7b-finetuned-libero-goal,/share/data/ripl/tianchong/projects/Eval_Policies_CoRL/artifacts/libero/init_state_layer2_4suite_2500_seed20260519,1,130,
libero_goal,0,open_the_middle_drawer_of_the_cabinet,open the middle drawer of the cabinet,28,libero_goal/open_the_middle_drawer_of_the_cabinet/0028,28,spatial_forcing,/share/data/ripl/tianchong/projects/Eval_Policies_CoRL/checkpoints/spatial-forcing-7b-finetuned-libero-goal,/share/data/ripl/tianchong/projects/Eval_Policies_CoRL/artifacts/libero/init_state_layer2_4suite_2500_seed20260519,1,153,
libero_goal,0,open_the_middle_drawer_of_the_cabinet,open the middle drawer of the cabinet,29,libero_goal/open_the_middle_drawer_of_the_cabinet/0029,29,spatial_forcing,/share/data/ripl/tianchong/projects/Eval_Policies_CoRL/checkpoints/spatial-forcing-7b-finetuned-libero-goal,/share/data/ripl/tianchong/projects/Eval_Policies_CoRL/artifacts/libero/init_state_layer2_4suite_2500_seed20260519,0,310,
libero_goal,0,open_the_middle_drawer_of_the_cabinet,open the middle drawer of the cabinet,30,libero_goal/open_the_middle_drawer_of_the_cabinet/0030,30,spatial_forcing,/share/data/ripl/tianchong/projects/Eval_Policies_CoRL/checkpoints/spatial-forcing-7b-finetuned-libero-goal,/share/data/ripl/tianchong/projects/Eval_Policies_CoRL/artifacts/libero/init_state_layer2_4suite_2500_seed20260519,1,127,
libero_goal,0,open_the_middle_drawer_of_the_cabinet,open the middle drawer of the cabinet,31,libero_goal/open_the_middle_drawer_of_the_cabinet/0031,31,spatial_forcing,/share/data/ripl/tianchong/projects/Eval_Policies_CoRL/checkpoints/spatial-forcing-7b-finetuned-libero-goal,/share/data/ripl/tianchong/projects/Eval_Policies_CoRL/artifacts/libero/init_state_layer2_4suite_2500_seed20260519,1,140,
libero_goal,0,open_the_middle_drawer_of_the_cabinet,open the middle drawer of the cabinet,32,libero_goal/open_the_middle_drawer_of_the_cabinet/0032,32,spatial_forcing,/share/data/ripl/tianchong/projects/Eval_Policies_CoRL/checkpoints/spatial-forcing-7b-finetuned-libero-goal,/share/data/ripl/tianchong/projects/Eval_Policies_CoRL/artifacts/libero/init_state_layer2_4suite_2500_seed20260519,1,123,
libero_goal,0,open_the_middle_drawer_of_the_cabinet,open the middle drawer of the cabinet,33,libero_goal/open_the_middle_drawer_of_the_cabinet/0033,33,spatial_forcing,/share/data/ripl/tianchong/projects/Eval_Policies_CoRL/checkpoints/spatial-forcing-7b-finetuned-libero-goal,/share/data/ripl/tianchong/projects/Eval_Policies_CoRL/artifacts/libero/init_state_layer2_4suite_2500_seed20260519,1,129,
libero_goal,0,open_the_middle_drawer_of_the_cabinet,open the middle drawer of the cabinet,34,libero_goal/open_the_middle_drawer_of_the_cabinet/0034,34,spatial_forcing,/share/data/ripl/tianchong/projects/Eval_Policies_CoRL/checkpoints/spatial-forcing-7b-finetuned-libero-goal,/share/data/ripl/tianchong/projects/Eval_Policies_CoRL/artifacts/libero/init_state_layer2_4suite_2500_seed20260519,1,141,
libero_goal,0,open_the_middle_drawer_of_the_cabinet,open the middle drawer of the cabinet,35,libero_goal/open_the_middle_drawer_of_the_cabinet/0035,35,spatial_forcing,/share/data/ripl/tianchong/projects/Eval_Policies_CoRL/checkpoints/spatial-forcing-7b-finetuned-libero-goal,/share/data/ripl/tianchong/projects/Eval_Policies_CoRL/artifacts/libero/init_state_layer2_4suite_2500_seed20260519,1,130,
libero_goal,0,open_the_middle_drawer_of_the_cabinet,open the middle drawer of the cabinet,36,libero_goal/open_the_middle_drawer_of_the_cabinet/0036,36,spatial_forcing,/share/data/ripl/tianchong/projects/Eval_Policies_CoRL/checkpoints/spatial-forcing-7b-finetuned-libero-goal,/share/data/ripl/tianchong/projects/Eval_Policies_CoRL/artifacts/libero/init_state_layer2_4suite_2500_seed20260519,1,128,
libero_goal,0,open_the_middle_drawer_of_the_cabinet,open the middle drawer of the cabinet,37,libero_goal/open_the_middle_drawer_of_the_cabinet/0037,37,spatial_forcing,/share/data/ripl/tianchong/projects/Eval_Policies_CoRL/checkpoints/spatial-forcing-7b-finetuned-libero-goal,/share/data/ripl/tianchong/projects/Eval_Policies_CoRL/artifacts/libero/init_state_layer2_4suite_2500_seed20260519,1,143,
libero_goal,0,open_the_middle_drawer_of_the_cabinet,open the middle drawer of the cabinet,38,libero_goal/open_the_middle_drawer_of_the_cabinet/0038,38,spatial_forcing,/share/data/ripl/tianchong/projects/Eval_Policies_CoRL/checkpoints/spatial-forcing-7b-finetuned-libero-goal,/share/data/ripl/tianchong/projects/Eval_Policies_CoRL/artifacts/libero/init_state_layer2_4suite_2500_seed20260519,1,122,
libero_goal,0,open_the_middle_drawer_of_the_cabinet,open the middle drawer of the cabinet,39,libero_goal/open_the_middle_drawer_of_the_cabinet/0039,39,spatial_forcing,/share/data/ripl/tianchong/projects/Eval_Policies_CoRL/checkpoints/spatial-forcing-7b-finetuned-libero-goal,/share/data/ripl/tianchong/projects/Eval_Policies_CoRL/artifacts/libero/init_state_layer2_4suite_2500_seed20260519,1,128,
libero_goal,0,open_the_middle_drawer_of_the_cabinet,open the middle drawer of the cabinet,40,libero_goal/open_the_middle_drawer_of_the_cabinet/0040,40,spatial_forcing,/share/data/ripl/tianchong/projects/Eval_Policies_CoRL/checkpoints/spatial-forcing-7b-finetuned-libero-goal,/share/data/ripl/tianchong/projects/Eval_Policies_CoRL/artifacts/libero/init_state_layer2_4suite_2500_seed20260519,1,130,
libero_goal,0,open_the_middle_drawer_of_the_cabinet,open the middle drawer of the cabinet,41,libero_goal/open_the_middle_drawer_of_the_cabinet/0041,41,spatial_forcing,/share/data/ripl/tianchong/projects/Eval_Policies_CoRL/checkpoints/spatial-forcing-7b-finetuned-libero-goal,/share/data/ripl/tianchong/projects/Eval_Policies_CoRL/artifacts/libero/init_state_layer2_4suite_2500_seed20260519,1,130,
libero_goal,0,open_the_middle_drawer_of_the_cabinet,open the middle drawer of the cabinet,42,libero_goal/open_the_middle_drawer_of_the_cabinet/0042,42,spatial_forcing,/share/data/ripl/tianchong/projects/Eval_Policies_CoRL/checkpoints/spatial-forcing-7b-finetuned-libero-goal,/share/data/ripl/tianchong/projects/Eval_Policies_CoRL/artifacts/libero/init_state_layer2_4suite_2500_seed20260519,1,124,
libero_goal,0,open_the_middle_drawer_of_the_cabinet,open the middle drawer of the cabinet,43,libero_goal/open_the_middle_drawer_of_the_cabinet/0043,43,spatial_forcing,/share/data/ripl/tianchong/projects/Eval_Policies_CoRL/checkpoints/spatial-forcing-7b-finetuned-libero-goal,/share/data/ripl/tianchong/projects/Eval_Policies_CoRL/artifacts/libero/init_state_layer2_4suite_2500_seed20260519,1,129,
libero_goal,0,open_the_middle_drawer_of_the_cabinet,open the middle drawer of the cabinet,44,libero_goal/open_the_middle_drawer_of_the_cabinet/0044,44,spatial_forcing,/share/data/ripl/tianchong/projects/Eval_Policies_CoRL/checkpoints/spatial-forcing-7b-finetuned-libero-goal,/share/data/ripl/tianchong/projects/Eval_Policies_CoRL/artifacts/libero/init_state_layer2_4suite_2500_seed20260519,1,129,
libero_goal,0,open_the_middle_drawer_of_the_cabinet,open the middle drawer of the cabinet,45,libero_goal/open_the_middle_drawer_of_the_cabinet/0045,45,spatial_forcing,/share/data/ripl/tianchong/projects/Eval_Policies_CoRL/checkpoints/spatial-forcing-7b-finetuned-libero-goal,/share/data/ripl/tianchong/projects/Eval_Policies_CoRL/artifacts/libero/init_state_layer2_4suite_2500_seed20260519,1,130,
libero_goal,0,open_the_middle_drawer_of_the_cabinet,open the middle drawer of the cabinet,46,libero_goal/open_the_middle_drawer_of_the_cabinet/0046,46,spatial_forcing,/share/data/ripl/tianchong/projects/Eval_Policies_CoRL/checkpoints/spatial-forcing-7b-finetuned-libero-goal,/share/data/ripl/tianchong/projects/Eval_Policies_CoRL/artifacts/libero/init_state_layer2_4suite_2500_seed20260519,1,130,
libero_goal,0,open_the_middle_drawer_of_the_cabinet,open the middle drawer of the cabinet,47,libero_goal/open_the_middle_drawer_of_the_cabinet/0047,47,spatial_forcing,/share/data/ripl/tianchong/projects/Eval_Policies_CoRL/checkpoints/spatial-forcing-7b-finetuned-libero-goal,/share/data/ripl/tianchong/projects/Eval_Policies_CoRL/artifacts/libero/init_state_layer2_4suite_2500_seed20260519,1,130,
libero_goal,0,open_the_middle_drawer_of_the_cabinet,open the middle drawer of the cabinet,48,libero_goal/open_the_middle_drawer_of_the_cabinet/0048,48,spatial_forcing,/share/data/ripl/tianchong/projects/Eval_Policies_CoRL/checkpoints/spatial-forcing-7b-finetuned-libero-goal,/share/data/ripl/tianchong/projects/Eval_Policies_CoRL/artifacts/libero/init_state_layer2_4suite_2500_seed20260519,1,133,
libero_goal,0,open_the_middle_drawer_of_the_cabinet,open the middle drawer of the cabinet,49,libero_goal/open_the_middle_drawer_of_the_cabinet/0049,49,spatial_forcing,/share/data/ripl/tianchong/projects/Eval_Policies_CoRL/checkpoints/spatial-forcing-7b-finetuned-libero-goal,/share/data/ripl/tianchong/projects/Eval_Policies_CoRL/artifacts/libero/init_state_layer2_4suite_2500_seed20260519,1,139,
libero_goal,0,open_the_middle_drawer_of_the_cabinet,open the middle drawer of the cabinet,50,libero_goal/open_the_middle_drawer_of_the_cabinet/0050,50,spatial_forcing,/share/data/ripl/tianchong/projects/Eval_Policies_CoRL/checkpoints/spatial-forcing-7b-finetuned-libero-goal,/share/data/ripl/tianchong/projects/Eval_Policies_CoRL/artifacts/libero/init_state_layer2_4suite_2500_seed20260519,1,127,
libero_goal,0,open_the_middle_drawer_of_the_cabinet,open the middle drawer of the cabinet,51,libero_goal/open_the_middle_drawer_of_the_cabinet/0051,51,spatial_forcing,/share/data/ripl/tianchong/projects/Eval_Policies_CoRL/checkpoints/spatial-forcing-7b-finetuned-libero-goal,/share/data/ripl/tianchong/projects/Eval_Policies_CoRL/artifacts/libero/init_state_layer2_4suite_2500_seed20260519,1,146,
libero_goal,0,open_the_middle_drawer_of_the_cabinet,open the middle drawer of the cabinet,52,libero_goal/open_the_middle_drawer_of_the_cabinet/0052,52,spatial_forcing,/share/data/ripl/tianchong/projects/Eval_Policies_CoRL/checkpoints/spatial-forcing-7b-finetuned-libero-goal,/share/data/ripl/tianchong/projects/Eval_Policies_CoRL/artifacts/libero/init_state_layer2_4suite_2500_seed20260519,1,163,
libero_goal,0,open_the_middle_drawer_of_the_cabinet,open the middle drawer of the cabinet,53,libero_goal/open_the_middle_drawer_of_the_cabinet/0053,53,spatial_forcing,/share/data/ripl/tianchong/projects/Eval_Policies_CoRL/checkpoints/spatial-forcing-7b-finetuned-libero-goal,/share/data/ripl/tianchong/projects/Eval_Policies_CoRL/artifacts/libero/init_state_layer2_4suite_2500_seed20260519,1,121,
libero_goal,0,open_the_middle_drawer_of_the_cabinet,open the middle drawer of the cabinet,54,libero_goal/open_the_middle_drawer_of_the_cabinet/0054,54,spatial_forcing,/share/data/ripl/tianchong/projects/Eval_Policies_CoRL/checkpoints/spatial-forcing-7b-finetuned-libero-goal,/share/data/ripl/tianchong/projects/Eval_Policies_CoRL/artifacts/libero/init_state_layer2_4suite_2500_seed20260519,1,130,
libero_goal,0,open_the_middle_drawer_of_the_cabinet,open the middle drawer of the cabinet,55,libero_goal/open_the_middle_drawer_of_the_cabinet/0055,55,spatial_forcing,/share/data/ripl/tianchong/projects/Eval_Policies_CoRL/checkpoints/spatial-forcing-7b-finetuned-libero-goal,/share/data/ripl/tianchong/projects/Eval_Policies_CoRL/artifacts/libero/init_state_layer2_4suite_2500_seed20260519,1,133,
libero_goal,0,open_the_middle_drawer_of_the_cabinet,open the middle drawer of the cabinet,56,libero_goal/open_the_middle_drawer_of_the_cabinet/0056,56,spatial_forcing,/share/data/ripl/tianchong/projects/Eval_Policies_CoRL/checkpoints/spatial-forcing-7b-finetuned-libero-goal,/share/data/ripl/tianchong/projects/Eval_Policies_CoRL/artifacts/libero/init_state_layer2_4suite_2500_seed20260519,1,133,
libero_goal,0,open_the_middle_drawer_of_the_cabinet,open the middle drawer of the cabinet,57,libero_goal/open_the_middle_drawer_of_the_cabinet/0057,57,spatial_forcing,/share/data/ripl/tianchong/projects/Eval_Policies_CoRL/checkpoints/spatial-forcing-7b-finetuned-libero-goal,/share/data/ripl/tianchong/projects/Eval_Policies_CoRL/artifacts/libero/init_state_layer2_4suite_2500_seed20260519,1,144,
libero_goal,0,open_the_middle_drawer_of_the_cabinet,open the middle drawer of the cabinet,58,libero_goal/open_the_middle_drawer_of_the_cabinet/0058,58,spatial_forcing,/share/data/ripl/tianchong/projects/Eval_Policies_CoRL/checkpoints/spatial-forcing-7b-finetuned-libero-goal,/share/data/ripl/tianchong/projects/Eval_Policies_CoRL/artifacts/libero/init_state_layer2_4suite_2500_seed20260519,1,129,
libero_goal,0,open_the_middle_drawer_of_the_cabinet,open the middle drawer of the cabinet,59,libero_goal/open_the_middle_drawer_of_the_cabinet/0059,59,spatial_forcing,/share/data/ripl/tianchong/projects/Eval_Policies_CoRL/checkpoints/spatial-forcing-7b-finetuned-libero-goal,/share/data/ripl/tianchong/projects/Eval_Policies_CoRL/artifacts/libero/init_state_layer2_4suite_2500_seed20260519,1,126,
libero_goal,0,open_the_middle_drawer_of_the_cabinet,open the middle drawer of the cabinet,60,libero_goal/open_the_middle_drawer_of_the_cabinet/0060,60,spatial_forcing,/share/data/ripl/tianchong/projects/Eval_Policies_CoRL/checkpoints/spatial-forcing-7b-finetuned-libero-goal,/share/data/ripl/tianchong/projects/Eval_Policies_CoRL/artifacts/libero/init_state_layer2_4suite_2500_seed20260519,1,129,
libero_goal,0,open_the_middle_drawer_of_the_cabinet,open the middle drawer of the cabinet,61,libero_goal/open_the_middle_drawer_of_the_cabinet/0061,61,spatial_forcing,/share/data/ripl/tianchong/projects/Eval_Policies_CoRL/checkpoints/spatial-forcing-7b-finetuned-libero-goal,/share/data/ripl/tianchong/projects/Eval_Policies_CoRL/artifacts/libero/init_state_layer2_4suite_2500_seed20260519,1,136,
libero_goal,0,open_the_middle_drawer_of_the_cabinet,open the middle drawer of the cabinet,62,libero_goal/open_the_middle_drawer_of_the_cabinet/0062,62,spatial_forcing,/share/data/ripl/tianchong/projects/Eval_Policies_CoRL/checkpoints/spatial-forcing-7b-finetuned-libero-goal,/share/data/ripl/tianchong/projects/Eval_Policies_CoRL/artifacts/libero/init_state_layer2_4suite_2500_seed20260519,1,173,
libero_goal,0,open_the_middle_drawer_of_the_cabinet,open the middle drawer of the cabinet,63,libero_goal/open_the_middle_drawer_of_the_cabinet/0063,63,spatial_forcing,/share/data/ripl/tianchong/projects/Eval_Policies_CoRL/checkpoints/spatial-forcing-7b-finetuned-libero-goal,/share/data/ripl/tianchong/projects/Eval_Policies_CoRL/artifacts/libero/init_state_layer2_4suite_2500_seed20260519,1,125,
libero_goal,0,open_the_middle_drawer_of_the_cabinet,open the middle drawer of the cabinet,64,libero_goal/open_the_middle_drawer_of_the_cabinet/0064,64,spatial_forcing,/share/data/ripl/tianchong/projects/Eval_Policies_CoRL/checkpoints/spatial-forcing-7b-finetuned-libero-goal,/share/data/ripl/tianchong/projects/Eval_Policies_CoRL/artifacts/libero/init_state_layer2_4suite_2500_seed20260519,1,137,
libero_goal,0,open_the_middle_drawer_of_the_cabinet,open the middle drawer of the cabinet,65,libero_goal/open_the_middle_drawer_of_the_cabinet/0065,65,spatial_forcing,/share/data/ripl/tianchong/projects/Eval_Policies_CoRL/checkpoints/spatial-forcing-7b-finetuned-libero-goal,/share/data/ripl/tianchong/projects/Eval_Policies_CoRL/artifacts/libero/init_state_layer2_4suite_2500_seed20260519,1,129,
libero_goal,0,open_the_middle_drawer_of_the_cabinet,open the middle drawer of the cabinet,66,libero_goal/open_the_middle_drawer_of_the_cabinet/0066,66,spatial_forcing,/share/data/ripl/tianchong/projects/Eval_Policies_CoRL/checkpoints/spatial-forcing-7b-finetuned-libero-goal,/share/data/ripl/tianchong/projects/Eval_Policies_CoRL/artifacts/libero/init_state_layer2_4suite_2500_seed20260519,1,132,
libero_goal,0,open_the_middle_drawer_of_the_cabinet,open the middle drawer of the cabinet,67,libero_goal/open_the_middle_drawer_of_the_cabinet/0067,67,spatial_forcing,/share/data/ripl/tianchong/projects/Eval_Policies_CoRL/checkpoints/spatial-forcing-7b-finetuned-libero-goal,/share/data/ripl/tianchong/projects/Eval_Policies_CoRL/artifacts/libero/init_state_layer2_4suite_2500_seed20260519,1,137,
libero_goal,0,open_the_middle_drawer_of_the_cabinet,open the middle drawer of the cabinet,68,libero_goal/open_the_middle_drawer_of_the_cabinet/0068,68,spatial_forcing,/share/data/ripl/tianchong/projects/Eval_Policies_CoRL/checkpoints/spatial-forcing-7b-finetuned-libero-goal,/share/data/ripl/tianchong/projects/Eval_Policies_CoRL/artifacts/libero/init_state_layer2_4suite_2500_seed20260519,1,127,
libero_goal,0,open_the_middle_drawer_of_the_cabinet,open the middle drawer of the cabinet,69,libero_goal/open_the_middle_drawer_of_the_cabinet/0069,69,spatial_forcing,/share/data/ripl/tianchong/projects/Eval_Policies_CoRL/checkpoints/spatial-forcing-7b-finetuned-libero-goal,/share/data/ripl/tianchong/projects/Eval_Policies_CoRL/artifacts/libero/init_state_layer2_4suite_2500_seed20260519,1,125,
libero_goal,0,open_the_middle_drawer_of_the_cabinet,open the middle drawer of the cabinet,70,libero_goal/open_the_middle_drawer_of_the_cabinet/0070,70,spatial_forcing,/share/data/ripl/tianchong/projects/Eval_Policies_CoRL/checkpoints/spatial-forcing-7b-finetuned-libero-goal,/share/data/ripl/tianchong/projects/Eval_Policies_CoRL/artifacts/libero/init_state_layer2_4suite_2500_seed20260519,1,133,
libero_goal,0,open_the_middle_drawer_of_the_cabinet,open the middle drawer of the cabinet,71,libero_goal/open_the_middle_drawer_of_the_cabinet/0071,71,spatial_forcing,/share/data/ripl/tianchong/projects/Eval_Policies_CoRL/checkpoints/spatial-forcing-7b-finetuned-libero-goal,/share/data/ripl/tianchong/projects/Eval_Policies_CoRL/artifacts/libero/init_state_layer2_4suite_2500_seed20260519,1,130,
libero_goal,0,open_the_middle_drawer_of_the_cabinet,open the middle drawer of the cabinet,72,libero_goal/open_the_middle_drawer_of_the_cabinet/0072,72,spatial_forcing,/share/data/ripl/tianchong/projects/Eval_Policies_CoRL/checkpoints/spatial-forcing-7b-finetuned-libero-goal,/share/data/ripl/tianchong/projects/Eval_Policies_CoRL/artifacts/libero/init_state_layer2_4suite_2500_seed20260519,1,127,
libero_goal,0,open_the_middle_drawer_of_the_cabinet,open the middle drawer of the cabinet,73,libero_goal/open_the_middle_drawer_of_the_cabinet/0073,73,spatial_forcing,/share/data/ripl/tianchong/projects/Eval_Policies_CoRL/checkpoints/spatial-forcing-7b-finetuned-libero-goal,/share/data/ripl/tianchong/projects/Eval_Policies_CoRL/artifacts/libero/init_state_layer2_4suite_2500_seed20260519,1,124,
libero_goal,0,open_the_middle_drawer_of_the_cabinet,open the middle drawer of the cabinet,74,libero_goal/open_the_middle_drawer_of_the_cabinet/0074,74,spatial_forcing,/share/data/ripl/tianchong/projects/Eval_Policies_CoRL/checkpoints/spatial-forcing-7b-finetuned-libero-goal,/share/data/ripl/tianchong/projects/Eval_Policies_CoRL/artifacts/libero/init_state_layer2_4suite_2500_seed20260519,1,128,
libero_goal,0,open_the_middle_drawer_of_the_cabinet,open the middle drawer of the cabinet,75,libero_goal/open_the_middle_drawer_of_the_cabinet/0075,75,spatial_forcing,/share/data/ripl/tianchong/projects/Eval_Policies_CoRL/checkpoints/spatial-forcing-7b-finetuned-libero-goal,/share/data/ripl/tianchong/projects/Eval_Policies_CoRL/artifacts/libero/init_state_layer2_4suite_2500_seed20260519,1,130,
libero_goal,0,open_the_middle_drawer_of_the_cabinet,open the middle drawer of the cabinet,76,libero_goal/open_the_middle_drawer_of_the_cabinet/0076,76,spatial_forcing,/share/data/ripl/tianchong/projects/Eval_Policies_CoRL/checkpoints/spatial-forcing-7b-finetuned-libero-goal,/share/data/ripl/tianchong/projects/Eval_Policies_CoRL/artifacts/libero/init_state_layer2_4suite_2500_seed20260519,1,131,
libero_goal,0,open_the_middle_drawer_of_the_cabinet,open the middle drawer of the cabinet,77,libero_goal/open_the_middle_drawer_of_the_cabinet/0077,77,spatial_forcing,/share/data/ripl/tianchong/projects/Eval_Policies_CoRL/checkpoints/spatial-forcing-7b-finetuned-libero-goal,/share/data/ripl/tianchong/projects/Eval_Policies_CoRL/artifacts/libero/init_state_layer2_4suite_2500_seed20260519,1,124,
libero_goal,0,open_the_middle_drawer_of_the_cabinet,open the middle drawer of the cabinet,78,libero_goal/open_the_middle_drawer_of_the_cabinet/0078,78,spatial_forcing,/share/data/ripl/tianchong/projects/Eval_Policies_CoRL/checkpoints/spatial-forcing-7b-finetuned-libero-goal,/share/data/ripl/tianchong/projects/Eval_Policies_CoRL/artifacts/libero/init_state_layer2_4suite_2500_seed20260519,1,133,
libero_goal,0,open_the_middle_drawer_of_the_cabinet,open the middle drawer of the cabinet,79,libero_goal/open_the_middle_drawer_of_the_cabinet/0079,79,spatial_forcing,/share/data/ripl/tianchong/projects/Eval_Policies_CoRL/checkpoints/spatial-forcing-7b-finetuned-libero-goal,/share/data/ripl/tianchong/projects/Eval_Policies_CoRL/artifacts/libero/init_state_layer2_4suite_2500_seed20260519,1,136,
libero_goal,0,open_the_middle_drawer_of_the_cabinet,open the middle drawer of the cabinet,80,libero_goal/open_the_middle_drawer_of_the_cabinet/0080,80,spatial_forcing,/share/data/ripl/tianchong/projects/Eval_Policies_CoRL/checkpoints/spatial-forcing-7b-finetuned-libero-goal,/share/data/ripl/tianchong/projects/Eval_Policies_CoRL/artifacts/libero/init_state_layer2_4suite_2500_seed20260519,1,123,
libero_goal,0,open_the_middle_drawer_of_the_cabinet,open the middle drawer of the cabinet,81,libero_goal/open_the_middle_drawer_of_the_cabinet/0081,81,spatial_forcing,/share/data/ripl/tianchong/projects/Eval_Policies_CoRL/checkpoints/spatial-forcing-7b-finetuned-libero-goal,/share/data/ripl/tianchong/projects/Eval_Policies_CoRL/artifacts/libero/init_state_layer2_4suite_2500_seed20260519,1,288,
libero_goal,0,open_the_middle_drawer_of_the_cabinet,open the middle drawer of the cabinet,82,libero_goal/open_the_middle_drawer_of_the_cabinet/0082,82,spatial_forcing,/share/data/ripl/tianchong/projects/Eval_Policies_CoRL/checkpoints/spatial-forcing-7b-finetuned-libero-goal,/share/data/ripl/tianchong/projects/Eval_Policies_CoRL/artifacts/libero/init_state_layer2_4suite_2500_seed20260519,1,129,
libero_goal,0,open_the_middle_drawer_of_the_cabinet,open the middle drawer of the cabinet,83,libero_goal/open_the_middle_drawer_of_the_cabinet/0083,83,spatial_forcing,/share/data/ripl/tianchong/projects/Eval_Policies_CoRL/checkpoints/spatial-forcing-7b-finetuned-libero-goal,/share/data/ripl/tianchong/projects/Eval_Policies_CoRL/artifacts/libero/init_state_layer2_4suite_2500_seed20260519,1,124,
libero_goal,0,open_the_middle_drawer_of_the_cabinet,open the middle drawer of the cabinet,84,libero_goal/open_the_middle_drawer_of_the_cabinet/0084,84,spatial_forcing,/share/data/ripl/tianchong/projects/Eval_Policies_CoRL/checkpoints/spatial-forcing-7b-finetuned-libero-goal,/share/data/ripl/tianchong/projects/Eval_Policies_CoRL/artifacts/libero/init_state_layer2_4suite_2500_seed20260519,1,138,
libero_goal,0,open_the_middle_drawer_of_the_cabinet,open the middle drawer of the cabinet,85,libero_goal/open_the_middle_drawer_of_the_cabinet/0085,85,spatial_forcing,/share/data/ripl/tianchong/projects/Eval_Policies_CoRL/checkpoints/spatial-forcing-7b-finetuned-libero-goal,/share/data/ripl/tianchong/projects/Eval_Policies_CoRL/artifacts/libero/init_state_layer2_4suite_2500_seed20260519,1,143,
libero_goal,0,open_the_middle_drawer_of_the_cabinet,open the middle drawer of the cabinet,86,libero_goal/open_the_middle_drawer_of_the_cabinet/0086,86,spatial_forcing,/share/data/ripl/tianchong/projects/Eval_Policies_CoRL/checkpoints/spatial-forcing-7b-finetuned-libero-goal,/share/data/ripl/tianchong/projects/Eval_Policies_CoRL/artifacts/libero/init_state_layer2_4suite_2500_seed20260519,1,130,
libero_goal,0,open_the_middle_drawer_of_the_cabinet,open the middle drawer of the cabinet,87,libero_goal/open_the_middle_drawer_of_the_cabinet/0087,87,spatial_forcing,/share/data/ripl/tianchong/projects/Eval_Policies_CoRL/checkpoints/spatial-forcing-7b-finetuned-libero-goal,/share/data/ripl/tianchong/projects/Eval_Policies_CoRL/artifacts/libero/init_state_layer2_4suite_2500_seed20260519,1,134,
libero_goal,0,open_the_middle_drawer_of_the_cabinet,open the middle drawer of the cabinet,88,libero_goal/open_the_middle_drawer_of_the_cabinet/0088,88,spatial_forcing,/share/data/ripl/tianchong/projects/Eval_Policies_CoRL/checkpoints/spatial-forcing-7b-finetuned-libero-goal,/share/data/ripl/tianchong/projects/Eval_Policies_CoRL/artifacts/libero/init_state_layer2_4suite_2500_seed20260519,1,130,
libero_goal,0,open_the_middle_drawer_of_the_cabinet,open the middle drawer of the cabinet,89,libero_goal/open_the_middle_drawer_of_the_cabinet/0089,89,spatial_forcing,/share/data/ripl/tianchong/projects/Eval_Policies_CoRL/checkpoints/spatial-forcing-7b-finetuned-libero-goal,/share/data/ripl/tianchong/projects/Eval_Policies_CoRL/artifacts/libero/init_state_layer2_4suite_2500_seed20260519,1,129,
libero_goal,0,open_the_middle_drawer_of_the_cabinet,open the middle drawer of the cabinet,90,libero_goal/open_the_middle_drawer_of_the_cabinet/0090,90,spatial_forcing,/share/data/ripl/tianchong/projects/Eval_Policies_CoRL/checkpoints/spatial-forcing-7b-finetuned-libero-goal,/share/data/ripl/tianchong/projects/Eval_Policies_CoRL/artifacts/libero/init_state_layer2_4suite_2500_seed20260519,1,126,
libero_goal,0,open_the_middle_drawer_of_the_cabinet,open the middle drawer of the cabinet,91,libero_goal/open_the_middle_drawer_of_the_cabinet/0091,91,spatial_forcing,/share/data/ripl/tianchong/projects/Eval_Policies_CoRL/checkpoints/spatial-forcing-7b-finetuned-libero-goal,/share/data/ripl/tianchong/projects/Eval_Policies_CoRL/artifacts/libero/init_state_layer2_4suite_2500_seed20260519,1,130,
libero_goal,0,open_the_middle_drawer_of_the_cabinet,open the middle drawer of the cabinet,92,libero_goal/open_the_middle_drawer_of_the_cabinet/0092,92,spatial_forcing,/share/data/ripl/tianchong/projects/Eval_Policies_CoRL/checkpoints/spatial-forcing-7b-finetuned-libero-goal,/share/data/ripl/tianchong/projects/Eval_Policies_CoRL/artifacts/libero/init_state_layer2_4suite_2500_seed20260519,1,130,
libero_goal,0,open_the_middle_drawer_of_the_cabinet,open the middle drawer of the cabinet,93,libero_goal/open_the_middle_drawer_of_the_cabinet/0093,93,spatial_forcing,/share/data/ripl/tianchong/projects/Eval_Policies_CoRL/checkpoints/spatial-forcing-7b-finetuned-libero-goal,/share/data/ripl/tianchong/projects/Eval_Policies_CoRL/artifacts/libero/init_state_layer2_4suite_2500_seed20260519,1,129,
libero_goal,0,open_the_middle_drawer_of_the_cabinet,open the middle drawer of the cabinet,94,libero_goal/open_the_middle_drawer_of_the_cabinet/0094,94,spatial_forcing,/share/data/ripl/tianchong/projects/Eval_Policies_CoRL/checkpoints/spatial-forcing-7b-finetuned-libero-goal,/share/data/ripl/tianchong/projects/Eval_Policies_CoRL/artifacts/libero/init_state_layer2_4suite_2500_seed20260519,1,140,
libero_goal,0,open_the_middle_drawer_of_the_cabinet,open the middle drawer of the cabinet,95,libero_goal/open_the_middle_drawer_of_the_cabinet/0095,95,spatial_forcing,/share/data/ripl/tianchong/projects/Eval_Policies_CoRL/checkpoints/spatial-forcing-7b-finetuned-libero-goal,/share/data/ripl/tianchong/projects/Eval_Policies_CoRL/artifacts/libero/init_state_layer2_4suite_2500_seed20260519,1,121,
libero_goal,0,open_the_middle_drawer_of_the_cabinet,open the middle drawer of the cabinet,96,libero_goal/open_the_middle_drawer_of_the_cabinet/0096,96,spatial_forcing,/share/data/ripl/tianchong/projects/Eval_Policies_CoRL/checkpoints/spatial-forcing-7b-finetuned-libero-goal,/share/data/ripl/tianchong/projects/Eval_Policies_CoRL/artifacts/libero/init_state_layer2_4suite_2500_seed20260519,1,131,
libero_goal,0,open_the_middle_drawer_of_the_cabinet,open the middle drawer of the cabinet,97,libero_goal/open_the_middle_drawer_of_the_cabinet/0097,97,spatial_forcing,/share/data/ripl/tianchong/projects/Eval_Policies_CoRL/checkpoints/spatial-forcing-7b-finetuned-libero-goal,/share/data/ripl/tianchong/projects/Eval_Policies_CoRL/artifacts/libero/init_state_layer2_4suite_2500_seed20260519,1,132,
libero_goal,0,open_the_middle_drawer_of_the_cabinet,open the middle drawer of the cabinet,98,libero_goal/open_the_middle_drawer_of_the_cabinet/0098,98,spatial_forcing,/share/data/ripl/tianchong/projects/Eval_Policies_CoRL/checkpoints/spatial-forcing-7b-finetuned-libero-goal,/share/data/ripl/tianchong/projects/Eval_Policies_CoRL/artifacts/libero/init_state_layer2_4suite_2500_seed20260519,1,135,
libero_goal,0,open_the_middle_drawer_of_the_cabinet,open the middle drawer of the cabinet,99,libero_goal/open_the_middle_drawer_of_the_cabinet/0099,99,spatial_forcing,/share/data/ripl/tianchong/projects/Eval_Policies_CoRL/checkpoints/spatial-forcing-7b-finetuned-libero-goal,/share/data/ripl/tianchong/projects/Eval_Policies_CoRL/artifacts/libero/init_state_layer2_4suite_2500_seed20260519,1,132,
libero_goal,0,open_the_middle_drawer_of_the_cabinet,open the middle drawer of the cabinet,100,libero_goal/open_the_middle_drawer_of_the_cabinet/0100,100,spatial_forcing,/share/data/ripl/tianchong/projects/Eval_Policies_CoRL/checkpoints/spatial-forcing-7b-finetuned-libero-goal,/share/data/ripl/tianchong/projects/Eval_Policies_CoRL/artifacts/libero/init_state_layer2_4suite_2500_seed20260519,1,128,
libero_goal,0,open_the_middle_drawer_of_the_cabinet,open the middle drawer of the cabinet,101,libero_goal/open_the_middle_drawer_of_the_cabinet/0101,101,spatial_forcing,/share/data/ripl/tianchong/projects/Eval_Policies_CoRL/checkpoints/spatial-forcing-7b-finetuned-libero-goal,/share/data/ripl/tianchong/projects/Eval_Policies_CoRL/artifacts/libero/init_state_layer2_4suite_2500_seed20260519,0,310,
libero_goal,0,open_the_middle_drawer_of_the_cabinet,open the middle drawer of the cabinet,102,libero_goal/open_the_middle_drawer_of_the_cabinet/0102,102,spatial_forcing,/share/data/ripl/tianchong/projects/Eval_Policies_CoRL/checkpoints/spatial-forcing-7b-finetuned-libero-goal,/share/data/ripl/tianchong/projects/Eval_Policies_CoRL/artifacts/libero/init_state_layer2_4suite_2500_seed20260519,1,129,
libero_goal,0,open_the_middle_drawer_of_the_cabinet,open the middle drawer of the cabinet,103,libero_goal/open_the_middle_drawer_of_the_cabinet/0103,103,spatial_forcing,/share/data/ripl/tianchong/projects/Eval_Policies_CoRL/checkpoints/spatial-forcing-7b-finetuned-libero-goal,/share/data/ripl/tianchong/projects/Eval_Policies_CoRL/artifacts/libero/init_state_layer2_4suite_2500_seed20260519,1,129,
libero_goal,0,open_the_middle_drawer_of_the_cabinet,open the middle drawer of the cabinet,104,libero_goal/open_the_middle_drawer_of_the_cabinet/0104,104,spatial_forcing,/share/data/ripl/tianchong/projects/Eval_Policies_CoRL/checkpoints/spatial-forcing-7b-finetuned-libero-goal,/share/data/ripl/tianchong/projects/Eval_Policies_CoRL/artifacts/libero/init_state_layer2_4suite_2500_seed20260519,1,132,
libero_goal,0,open_the_middle_drawer_of_the_cabinet,open the middle drawer of the cabinet,105,libero_goal/open_the_middle_drawer_of_the_cabinet/0105,105,spatial_forcing,/share/data/ripl/tianchong/projects/Eval_Policies_CoRL/checkpoints/spatial-forcing-7b-finetuned-libero-goal,/share/data/ripl/tianchong/projects/Eval_Policies_CoRL/artifacts/libero/init_state_layer2_4suite_2500_seed20260519,1,132,
libero_goal,0,open_the_middle_drawer_of_the_cabinet,open the middle drawer of the cabinet,106,libero_goal/open_the_middle_drawer_of_the_cabinet/0106,106,spatial_forcing,/share/data/ripl/tianchong/projects/Eval_Policies_CoRL/checkpoints/spatial-forcing-7b-finetuned-libero-goal,/share/data/ripl/tianchong/projects/Eval_Policies_CoRL/artifacts/libero/init_state_layer2_4suite_2500_seed20260519,1,129,
libero_goal,0,open_the_middle_drawer_of_the_cabinet,open the middle drawer of the cabinet,107,libero_goal/open_the_middle_drawer_of_the_cabinet/0107,107,spatial_forcing,/share/data/ripl/tianchong/projects/Eval_Policies_CoRL/checkpoints/spatial-forcing-7b-finetuned-libero-goal,/share/data/ripl/tianchong/projects/Eval_Policies_CoRL/artifacts/libero/init_state_layer2_4suite_2500_seed20260519,1,128,
libero_goal,0,open_the_middle_drawer_of_the_cabinet,open the middle drawer of the cabinet,108,libero_goal/open_the_middle_drawer_of_the_cabinet/0108,108,spatial_forcing,/share/data/ripl/tianchong/projects/Eval_Policies_CoRL/checkpoints/spatial-forcing-7b-finetuned-libero-goal,/share/data/ripl/tianchong/projects/Eval_Policies_CoRL/artifacts/libero/init_state_layer2_4suite_2500_seed20260519,1,138,
libero_goal,0,open_the_middle_drawer_of_the_cabinet,open the middle drawer of the cabinet,109,libero_goal/open_the_middle_drawer_of_the_cabinet/0109,109,spatial_forcing,/share/data/ripl/tianchong/projects/Eval_Policies_CoRL/checkpoints/spatial-forcing-7b-finetuned-libero-goal,/share/data/ripl/tianchong/projects/Eval_Policies_CoRL/artifacts/libero/init_state_layer2_4suite_2500_seed20260519,1,129,
libero_goal,0,open_the_middle_drawer_of_the_cabinet,open the middle drawer of the cabinet,110,libero_goal/open_the_middle_drawer_of_the_cabinet/0110,110,spatial_forcing,/share/data/ripl/tianchong/projects/Eval_Policies_CoRL/checkpoints/spatial-forcing-7b-finetuned-libero-goal,/share/data/ripl/tianchong/projects/Eval_Policies_CoRL/artifacts/libero/init_state_layer2_4suite_2500_seed20260519,1,132,
libero_goal,0,open_the_middle_drawer_of_the_cabinet,open the middle drawer of the cabinet,111,libero_goal/open_the_middle_drawer_of_the_cabinet/0111,111,spatial_forcing,/share/data/ripl/tianchong/projects/Eval_Policies_CoRL/checkpoints/spatial-forcing-7b-finetuned-libero-goal,/share/data/ripl/tianchong/projects/Eval_Policies_CoRL/artifacts/libero/init_state_layer2_4suite_2500_seed20260519,1,140,
libero_goal,0,open_the_middle_drawer_of_the_cabinet,open the middle drawer of the cabinet,112,libero_goal/open_the_middle_drawer_of_the_cabinet/0112,112,spatial_forcing,/share/data/ripl/tianchong/projects/Eval_Policies_CoRL/checkpoints/spatial-forcing-7b-finetuned-libero-goal,/share/data/ripl/tianchong/projects/Eval_Policies_CoRL/artifacts/libero/init_state_layer2_4suite_2500_seed20260519,1,135,
libero_goal,0,open_the_middle_drawer_of_the_cabinet,open the middle drawer of the cabinet,113,libero_goal/open_the_middle_drawer_of_the_cabinet/0113,113,spatial_forcing,/share/data/ripl/tianchong/projects/Eval_Policies_CoRL/checkpoints/spatial-forcing-7b-finetuned-libero-goal,/share/data/ripl/tianchong/projects/Eval_Policies_CoRL/artifacts/libero/init_state_layer2_4suite_2500_seed20260519,1,127,
libero_goal,0,open_the_middle_drawer_of_the_cabinet,open the middle drawer of the cabinet,114,libero_goal/open_the_middle_drawer_of_the_cabinet/0114,114,spatial_forcing,/share/data/ripl/tianchong/projects/Eval_Policies_CoRL/checkpoints/spatial-forcing-7b-finetuned-libero-goal,/share/data/ripl/tianchong/projects/Eval_Policies_CoRL/artifacts/libero/init_state_layer2_4suite_2500_seed20260519,1,132,
libero_goal,0,open_the_middle_drawer_of_the_cabinet,open the middle drawer of the cabinet,115,libero_goal/open_the_middle_drawer_of_the_cabinet/0115,115,spatial_forcing,/share/data/ripl/tianchong/projects/Eval_Policies_CoRL/checkpoints/spatial-forcing-7b-finetuned-libero-goal,/share/data/ripl/tianchong/projects/Eval_Policies_CoRL/artifacts/libero/init_state_layer2_4suite_2500_seed20260519,1,123,
libero_goal,0,open_the_middle_drawer_of_the_cabinet,open the middle drawer of the cabinet,116,libero_goal/open_the_middle_drawer_of_the_cabinet/0116,116,spatial_forcing,/share/data/ripl/tianchong/projects/Eval_Policies_CoRL/checkpoints/spatial-forcing-7b-finetuned-libero-goal,/share/data/ripl/tianchong/projects/Eval_Policies_CoRL/artifacts/libero/init_state_layer2_4suite_2500_seed20260519,1,130,
libero_goal,0,open_the_middle_drawer_of_the_cabinet,open the middle drawer of the cabinet,117,libero_goal/open_the_middle_drawer_of_the_cabinet/0117,117,spatial_forcing,/share/data/ripl/tianchong/projects/Eval_Policies_CoRL/checkpoints/spatial-forcing-7b-finetuned-libero-goal,/share/data/ripl/tianchong/projects/Eval_Policies_CoRL/artifacts/libero/init_state_layer2_4suite_2500_seed20260519,1,154,
libero_goal,0,open_the_middle_drawer_of_the_cabinet,open the middle drawer of the cabinet,118,libero_goal/open_the_middle_drawer_of_the_cabinet/0118,118,spatial_forcing,/share/data/ripl/tianchong/projects/Eval_Policies_CoRL/checkpoints/spatial-forcing-7b-finetuned-libero-goal,/share/data/ripl/tianchong/projects/Eval_Policies_CoRL/artifacts/libero/init_state_layer2_4suite_2500_seed20260519,1,133,
libero_goal,0,open_the_middle_drawer_of_the_cabinet,open the middle drawer of the cabinet,119,libero_goal/open_the_middle_drawer_of_the_cabinet/0119,119,spatial_forcing,/share/data/ripl/tianchong/projects/Eval_Policies_CoRL/checkpoints/spatial-forcing-7b-finetuned-libero-goal,/share/data/ripl/tianchong/projects/Eval_Policies_CoRL/artifacts/libero/init_state_layer2_4suite_2500_seed20260519,1,140,
libero_goal,0,open_the_middle_drawer_of_the_cabinet,open the middle drawer of the cabinet,120,libero_goal/open_the_middle_drawer_of_the_cabinet/0120,120,spatial_forcing,/share/data/ripl/tianchong/projects/Eval_Policies_CoRL/checkpoints/spatial-forcing-7b-finetuned-libero-goal,/share/data/ripl/tianchong/projects/Eval_Policies_CoRL/artifacts/libero/init_state_layer2_4suite_2500_seed20260519,1,123,
libero_goal,0,open_the_middle_drawer_of_the_cabinet,open the middle drawer of the cabinet,121,libero_goal/open_the_middle_drawer_of_the_cabinet/0121,121,spatial_forcing,/share/data/ripl/tianchong/projects/Eval_Policies_CoRL/checkpoints/spatial-forcing-7b-finetuned-libero-goal,/share/data/ripl/tianchong/projects/Eval_Policies_CoRL/artifacts/libero/init_state_layer2_4suite_2500_seed20260519,1,138,
libero_goal,0,open_the_middle_drawer_of_the_cabinet,open the middle drawer of the cabinet,122,libero_goal/open_the_middle_drawer_of_the_cabinet/0122,122,spatial_forcing,/share/data/ripl/tianchong/projects/Eval_Policies_CoRL/checkpoints/spatial-forcing-7b-finetuned-libero-goal,/share/data/ripl/tianchong/projects/Eval_Policies_CoRL/artifacts/libero/init_state_layer2_4suite_2500_seed20260519,1,130,
libero_goal,0,open_the_middle_drawer_of_the_cabinet,open the middle drawer of the cabinet,123,libero_goal/open_the_middle_drawer_of_the_cabinet/0123,123,spatial_forcing,/share/data/ripl/tianchong/projects/Eval_Policies_CoRL/checkpoints/spatial-forcing-7b-finetuned-libero-goal,/share/data/ripl/tianchong/projects/Eval_Policies_CoRL/artifacts/libero/init_state_layer2_4suite_2500_seed20260519,1,126,
libero_goal,0,open_the_middle_drawer_of_the_cabinet,open the middle drawer of the cabinet,124,libero_goal/open_the_middle_drawer_of_the_cabinet/0124,124,spatial_forcing,/share/data/ripl/tianchong/projects/Eval_Policies_CoRL/checkpoints/spatial-forcing-7b-finetuned-libero-goal,/share/data/ripl/tianchong/projects/Eval_Policies_CoRL/artifacts/libero/init_state_layer2_4suite_2500_seed20260519,1,125,
libero_goal,0,open_the_middle_drawer_of_the_cabinet,open the middle drawer of the cabinet,125,libero_goal/open_the_middle_drawer_of_the_cabinet/0125,125,spatial_forcing,/share/data/ripl/tianchong/projects/Eval_Policies_CoRL/checkpoints/spatial-forcing-7b-finetuned-libero-goal,/share/data/ripl/tianchong/projects/Eval_Policies_CoRL/artifacts/libero/init_state_layer2_4suite_2500_seed20260519,1,130,
libero_goal,0,open_the_middle_drawer_of_the_cabinet,open the middle drawer of the cabinet,126,libero_goal/open_the_middle_drawer_of_the_cabinet/0126,126,spatial_forcing,/share/data/ripl/tianchong/projects/Eval_Policies_CoRL/checkpoints/spatial-forcing-7b-finetuned-libero-goal,/share/data/ripl/tianchong/projects/Eval_Policies_CoRL/artifacts/libero/init_state_layer2_4suite_2500_seed20260519,1,128,
libero_goal,0,open_the_middle_drawer_of_the_cabinet,open the middle drawer of the cabinet,127,libero_goal/open_the_middle_drawer_of_the_cabinet/0127,127,spatial_forcing,/share/data/ripl/tianchong/projects/Eval_Policies_CoRL/checkpoints/spatial-forcing-7b-finetuned-libero-goal,/share/data/ripl/tianchong/projects/Eval_Policies_CoRL/artifacts/libero/init_state_layer2_4suite_2500_seed20260519,1,137,
libero_goal,0,open_the_middle_drawer_of_the_cabinet,open the middle drawer of the cabinet,128,libero_goal/open_the_middle_drawer_of_the_cabinet/0128,128,spatial_forcing,/share/data/ripl/tianchong/projects/Eval_Policies_CoRL/checkpoints/spatial-forcing-7b-finetuned-libero-goal,/share/data/ripl/tianchong/projects/Eval_Policies_CoRL/artifacts/libero/init_state_layer2_4suite_2500_seed20260519,1,128,
libero_goal,0,open_the_middle_drawer_of_the_cabinet,open the middle drawer of the cabinet,129,libero_goal/open_the_middle_drawer_of_the_cabinet/0129,129,spatial_forcing,/share/data/ripl/tianchong/projects/Eval_Policies_CoRL/checkpoints/spatial-forcing-7b-finetuned-libero-goal,/share/data/ripl/tianchong/projects/Eval_Policies_CoRL/artifacts/libero/init_state_layer2_4suite_2500_seed20260519,1,130,
libero_goal,0,open_the_middle_drawer_of_the_cabinet,open the middle drawer of the cabinet,130,libero_goal/open_the_middle_drawer_of_the_cabinet/0130,130,spatial_forcing,/share/data/ripl/tianchong/projects/Eval_Policies_CoRL/checkpoints/spatial-forcing-7b-finetuned-libero-goal,/share/data/ripl/tianchong/projects/Eval_Policies_CoRL/artifacts/libero/init_state_layer2_4suite_2500_seed20260519,1,134,
libero_goal,0,open_the_middle_drawer_of_the_cabinet,open the middle drawer of the cabinet,131,libero_goal/open_the_middle_drawer_of_the_cabinet/0131,131,spatial_forcing,/share/data/ripl/tianchong/projects/Eval_Policies_CoRL/checkpoints/spatial-forcing-7b-finetuned-libero-goal,/share/data/ripl/tianchong/projects/Eval_Policies_CoRL/artifacts/libero/init_state_layer2_4suite_2500_seed20260519,1,125,
libero_goal,0,open_the_middle_drawer_of_the_cabinet,open the middle drawer of the cabinet,132,libero_goal/open_the_middle_drawer_of_the_cabinet/0132,132,spatial_forcing,/share/data/ripl/tianchong/projects/Eval_Policies_CoRL/checkpoints/spatial-forcing-7b-finetuned-libero-goal,/share/data/ripl/tianchong/projects/Eval_Policies_CoRL/artifacts/libero/init_state_layer2_4suite_2500_seed20260519,1,124,
libero_goal,0,open_the_middle_drawer_of_the_cabinet,open the middle drawer of the cabinet,133,libero_goal/open_the_middle_drawer_of_the_cabinet/0133,133,spatial_forcing,/share/data/ripl/tianchong/projects/Eval_Policies_CoRL/checkpoints/spatial-forcing-7b-finetuned-libero-goal,/share/data/ripl/tianchong/projects/Eval_Policies_CoRL/artifacts/libero/init_state_layer2_4suite_2500_seed20260519,1,132,
libero_goal,0,open_the_middle_drawer_of_the_cabinet,open the middle drawer of the cabinet,134,libero_goal/open_the_middle_drawer_of_the_cabinet/0134,134,spatial_forcing,/share/data/ripl/tianchong/projects/Eval_Policies_CoRL/checkpoints/spatial-forcing-7b-finetuned-libero-goal,/share/data/ripl/tianchong/projects/Eval_Policies_CoRL/artifacts/libero/init_state_layer2_4suite_2500_seed20260519,1,129,
libero_goal,0,open_the_middle_drawer_of_the_cabinet,open the middle drawer of the cabinet,135,libero_goal/open_the_middle_drawer_of_the_cabinet/0135,135,spatial_forcing,/share/data/ripl/tianchong/projects/Eval_Policies_CoRL/checkpoints/spatial-forcing-7b-finetuned-libero-goal,/share/data/ripl/tianchong/projects/Eval_Policies_CoRL/artifacts/libero/init_state_layer2_4suite_2500_seed20260519,1,128,
libero_goal,0,open_the_middle_drawer_of_the_cabinet,open the middle drawer of the cabinet,136,libero_goal/open_the_middle_drawer_of_the_cabinet/0136,136,spatial_forcing,/share/data/ripl/tianchong/projects/Eval_Policies_CoRL/checkpoints/spatial-forcing-7b-finetuned-libero-goal,/share/data/ripl/tianchong/projects/Eval_Policies_CoRL/artifacts/libero/init_state_layer2_4suite_2500_seed20260519,1,126,
libero_goal,0,open_the_middle_drawer_of_the_cabinet,open the middle drawer of the cabinet,137,libero_goal/open_the_middle_drawer_of_the_cabinet/0137,137,spatial_forcing,/share/data/ripl/tianchong/projects/Eval_Policies_CoRL/checkpoints/spatial-forcing-7b-finetuned-libero-goal,/share/data/ripl/tianchong/projects/Eval_Policies_CoRL/artifacts/libero/init_state_layer2_4suite_2500_seed20260519,1,126,
libero_goal,0,open_the_middle_drawer_of_the_cabinet,open the middle drawer of the cabinet,138,libero_goal/open_the_middle_drawer_of_the_cabinet/0138,138,spatial_forcing,/share/data/ripl/tianchong/projects/Eval_Policies_CoRL/checkpoints/spatial-forcing-7b-finetuned-libero-goal,/share/data/ripl/tianchong/projects/Eval_Policies_CoRL/artifacts/libero/init_state_layer2_4suite_2500_seed20260519,1,127,
libero_goal,0,open_the_middle_drawer_of_the_cabinet,open the middle drawer of the cabinet,139,libero_goal/open_the_middle_drawer_of_the_cabinet/0139,139,spatial_forcing,/share/data/ripl/tianchong/projects/Eval_Policies_CoRL/checkpoints/spatial-forcing-7b-finetuned-libero-goal,/share/data/ripl/tianchong/projects/Eval_Policies_CoRL/artifacts/libero/init_state_layer2_4suite_2500_seed20260519,1,122,
libero_goal,0,open_the_middle_drawer_of_the_cabinet,open the middle drawer of the cabinet,140,libero_goal/open_the_middle_drawer_of_the_cabinet/0140,140,spatial_forcing,/share/data/ripl/tianchong/projects/Eval_Policies_CoRL/checkpoints/spatial-forcing-7b-finetuned-libero-goal,/share/data/ripl/tianchong/projects/Eval_Policies_CoRL/artifacts/libero/init_state_layer2_4suite_2500_seed20260519,1,127,
libero_goal,0,open_the_middle_drawer_of_the_cabinet,open the middle drawer of the cabinet,141,libero_goal/open_the_middle_drawer_of_the_cabinet/0141,141,spatial_forcing,/share/data/ripl/tianchong/projects/Eval_Policies_CoRL/checkpoints/spatial-forcing-7b-finetuned-libero-goal,/share/data/ripl/tianchong/projects/Eval_Policies_CoRL/artifacts/libero/init_state_layer2_4suite_2500_seed20260519,1,130,
libero_goal,0,open_the_middle_drawer_of_the_cabinet,open the middle drawer of the cabinet,142,libero_goal/open_the_middle_drawer_of_the_cabinet/0142,142,spatial_forcing,/share/data/ripl/tianchong/projects/Eval_Policies_CoRL/checkpoints/spatial-forcing-7b-finetuned-libero-goal,/share/data/ripl/tianchong/projects/Eval_Policies_CoRL/artifacts/libero/init_state_layer2_4suite_2500_seed20260519,1,135,
libero_goal,0,open_the_middle_drawer_of_the_cabinet,open the middle drawer of the cabinet,143,libero_goal/open_the_middle_drawer_of_the_cabinet/0143,143,spatial_forcing,/share/data/ripl/tianchong/projects/Eval_Policies_CoRL/checkpoints/spatial-forcing-7b-finetuned-libero-goal,/share/data/ripl/tianchong/projects/Eval_Policies_CoRL/artifacts/libero/init_state_layer2_4suite_2500_seed20260519,1,134,
libero_goal,0,open_the_middle_drawer_of_the_cabinet,open the middle drawer of the cabinet,144,libero_goal/open_the_middle_drawer_of_the_cabinet/0144,144,spatial_forcing,/share/data/ripl/tianchong/projects/Eval_Policies_CoRL/checkpoints/spatial-forcing-7b-finetuned-libero-goal,/share/data/ripl/tianchong/projects/Eval_Policies_CoRL/artifacts/libero/init_state_layer2_4suite_2500_seed20260519,1,130,
libero_goal,0,open_the_middle_drawer_of_the_cabinet,open the middle drawer of the cabinet,145,libero_goal/open_the_middle_drawer_of_the_cabinet/0145,145,spatial_forcing,/share/data/ripl/tianchong/projects/Eval_Policies_CoRL/checkpoints/spatial-forcing-7b-finetuned-libero-goal,/share/data/ripl/tianchong/projects/Eval_Policies_CoRL/artifacts/libero/init_state_layer2_4suite_2500_seed20260519,1,139,
libero_goal,0,open_the_middle_drawer_of_the_cabinet,open the middle drawer of the cabinet,146,libero_goal/open_the_middle_drawer_of_the_cabinet/0146,146,spatial_forcing,/share/data/ripl/tianchong/projects/Eval_Policies_CoRL/checkpoints/spatial-forcing-7b-finetuned-libero-goal,/share/data/ripl/tianchong/projects/Eval_Policies_CoRL/artifacts/libero/init_state_layer2_4suite_2500_seed20260519,1,122,
libero_goal,0,open_the_middle_drawer_of_the_cabinet,open the middle drawer of the cabinet,147,libero_goal/open_the_middle_drawer_of_the_cabinet/0147,147,spatial_forcing,/share/data/ripl/tianchong/projects/Eval_Policies_CoRL/checkpoints/spatial-forcing-7b-finetuned-libero-goal,/share/data/ripl/tianchong/projects/Eval_Policies_CoRL/artifacts/libero/init_state_layer2_4suite_2500_seed20260519,1,136,
libero_goal,0,open_the_middle_drawer_of_the_cabinet,open the middle drawer of the cabinet,148,libero_goal/open_the_middle_drawer_of_the_cabinet/0148,148,spatial_forcing,/share/data/ripl/tianchong/projects/Eval_Policies_CoRL/checkpoints/spatial-forcing-7b-finetuned-libero-goal,/share/data/ripl/tianchong/projects/Eval_Policies_CoRL/artifacts/libero/init_state_layer2_4suite_2500_seed20260519,1,121,
libero_goal,0,open_the_middle_drawer_of_the_cabinet,open the middle drawer of the cabinet,149,libero_goal/open_the_middle_drawer_of_the_cabinet/0149,149,spatial_forcing,/share/data/ripl/tianchong/projects/Eval_Policies_CoRL/checkpoints/spatial-forcing-7b-finetuned-libero-goal,/share/data/ripl/tianchong/projects/Eval_Policies_CoRL/artifacts/libero/init_state_layer2_4suite_2500_seed20260519,1,129,
libero_goal,0,open_the_middle_drawer_of_the_cabinet,open the middle drawer of the cabinet,150,libero_goal/open_the_middle_drawer_of_the_cabinet/0150,150,spatial_forcing,/share/data/ripl/tianchong/projects/Eval_Policies_CoRL/checkpoints/spatial-forcing-7b-finetuned-libero-goal,/share/data/ripl/tianchong/projects/Eval_Policies_CoRL/artifacts/libero/init_state_layer2_4suite_2500_seed20260519,1,162,
libero_goal,0,open_the_middle_drawer_of_the_cabinet,open the middle drawer of the cabinet,151,libero_goal/open_the_middle_drawer_of_the_cabinet/0151,151,spatial_forcing,/share/data/ripl/tianchong/projects/Eval_Policies_CoRL/checkpoints/spatial-forcing-7b-finetuned-libero-goal,/share/data/ripl/tianchong/projects/Eval_Policies_CoRL/artifacts/libero/init_state_layer2_4suite_2500_seed20260519,1,152,
libero_goal,0,open_the_middle_drawer_of_the_cabinet,open the middle drawer of the cabinet,152,libero_goal/open_the_middle_drawer_of_the_cabinet/0152,152,spatial_forcing,/share/data/ripl/tianchong/projects/Eval_Policies_CoRL/checkpoints/spatial-forcing-7b-finetuned-libero-goal,/share/data/ripl/tianchong/projects/Eval_Policies_CoRL/artifacts/libero/init_state_layer2_4suite_2500_seed20260519,1,129,
libero_goal,0,open_the_middle_drawer_of_the_cabinet,open the middle drawer of the cabinet,153,libero_goal/open_the_middle_drawer_of_the_cabinet/0153,153,spatial_forcing,/share/data/ripl/tianchong/projects/Eval_Policies_CoRL/checkpoints/spatial-forcing-7b-finetuned-libero-goal,/share/data/ripl/tianchong/projects/Eval_Policies_CoRL/artifacts/libero/init_state_layer2_4suite_2500_seed20260519,1,126,
libero_goal,0,open_the_middle_drawer_of_the_cabinet,open the middle drawer of the cabinet,154,libero_goal/open_the_middle_drawer_of_the_cabinet/0154,154,spatial_forcing,/share/data/ripl/tianchong/projects/Eval_Policies_CoRL/checkpoints/spatial-forcing-7b-finetuned-libero-goal,/share/data/ripl/tianchong/projects/Eval_Policies_CoRL/artifacts/libero/init_state_layer2_4suite_2500_seed20260519,1,130,
libero_goal,0,open_the_middle_drawer_of_the_cabinet,open the middle drawer of the cabinet,155,libero_goal/open_the_middle_drawer_of_the_cabinet/0155,155,spatial_forcing,/share/data/ripl/tianchong/projects/Eval_Policies_CoRL/checkpoints/spatial-forcing-7b-finetuned-libero-goal,/share/data/ripl/tianchong/projects/Eval_Policies_CoRL/artifacts/libero/init_state_layer2_4suite_2500_seed20260519,1,126,
libero_goal,0,open_the_middle_drawer_of_the_cabinet,open the middle drawer of the cabinet,156,libero_goal/open_the_middle_drawer_of_the_cabinet/0156,156,spatial_forcing,/share/data/ripl/tianchong/projects/Eval_Policies_CoRL/checkpoints/spatial-forcing-7b-finetuned-libero-goal,/share/data/ripl/tianchong/projects/Eval_Policies_CoRL/artifacts/libero/init_state_layer2_4suite_2500_seed20260519,1,130,
libero_goal,0,open_the_middle_drawer_of_the_cabinet,open the middle drawer of the cabinet,157,libero_goal/open_the_middle_drawer_of_the_cabinet/0157,157,spatial_forcing,/share/data/ripl/tianchong/projects/Eval_Policies_CoRL/checkpoints/spatial-forcing-7b-finetuned-libero-goal,/share/data/ripl/tianchong/projects/Eval_Policies_CoRL/artifacts/libero/init_state_layer2_4suite_2500_seed20260519,1,122,
libero_goal,0,open_the_middle_drawer_of_the_cabinet,open the middle drawer of the cabinet,158,libero_goal/open_the_middle_drawer_of_the_cabinet/0158,158,spatial_forcing,/share/data/ripl/tianchong/projects/Eval_Policies_CoRL/checkpoints/spatial-forcing-7b-finetuned-libero-goal,/share/data/ripl/tianchong/projects/Eval_Policies_CoRL/artifacts/libero/init_state_layer2_4suite_2500_seed20260519,1,138,
libero_goal,0,open_the_middle_drawer_of_the_cabinet,open the middle drawer of the cabinet,159,libero_goal/open_the_middle_drawer_of_the_cabinet/0159,159,spatial_forcing,/share/data/ripl/tianchong/projects/Eval_Policies_CoRL/checkpoints/spatial-forcing-7b-finetuned-libero-goal,/share/data/ripl/tianchong/projects/Eval_Policies_CoRL/artifacts/libero/init_state_layer2_4suite_2500_seed20260519,1,139,
libero_goal,0,open_the_middle_drawer_of_the_cabinet,open the middle drawer of the cabinet,160,libero_goal/open_the_middle_drawer_of_the_cabinet/0160,160,spatial_forcing,/share/data/ripl/tianchong/projects/Eval_Policies_CoRL/checkpoints/spatial-forcing-7b-finetuned-libero-goal,/share/data/ripl/tianchong/projects/Eval_Policies_CoRL/artifacts/libero/init_state_layer2_4suite_2500_seed20260519,1,188,
libero_goal,0,open_the_middle_drawer_of_the_cabinet,open the middle drawer of the cabinet,161,libero_goal/open_the_middle_drawer_of_the_cabinet/0161,161,spatial_forcing,/share/data/ripl/tianchong/projects/Eval_Policies_CoRL/checkpoints/spatial-forcing-7b-finetuned-libero-goal,/share/data/ripl/tianchong/projects/Eval_Policies_CoRL/artifacts/libero/init_state_layer2_4suite_2500_seed20260519,1,128,
libero_goal,0,open_the_middle_drawer_of_the_cabinet,open the middle drawer of the cabinet,162,libero_goal/open_the_middle_drawer_of_the_cabinet/0162,162,spatial_forcing,/share/data/ripl/tianchong/projects/Eval_Policies_CoRL/checkpoints/spatial-forcing-7b-finetuned-libero-goal,/share/data/ripl/tianchong/projects/Eval_Policies_CoRL/artifacts/libero/init_state_layer2_4suite_2500_seed20260519,1,127,
libero_goal,0,open_the_middle_drawer_of_the_cabinet,open the middle drawer of the cabinet,163,libero_goal/open_the_middle_drawer_of_the_cabinet/0163,163,spatial_forcing,/share/data/ripl/tianchong/projects/Eval_Policies_CoRL/checkpoints/spatial-forcing-7b-finetuned-libero-goal,/share/data/ripl/tianchong/projects/Eval_Policies_CoRL/artifacts/libero/init_state_layer2_4suite_2500_seed20260519,1,122,
libero_goal,0,open_the_middle_drawer_of_the_cabinet,open the middle drawer of the cabinet,164,libero_goal/open_the_middle_drawer_of_the_cabinet/0164,164,spatial_forcing,/share/data/ripl/tianchong/projects/Eval_Policies_CoRL/checkpoints/spatial-forcing-7b-finetuned-libero-goal,/share/data/ripl/tianchong/projects/Eval_Policies_CoRL/artifacts/libero/init_state_layer2_4suite_2500_seed20260519,1,128,
libero_goal,0,open_the_middle_drawer_of_the_cabinet,open the middle drawer of the cabinet,165,libero_goal/open_the_middle_drawer_of_the_cabinet/0165,165,spatial_forcing,/share/data/ripl/tianchong/projects/Eval_Policies_CoRL/checkpoints/spatial-forcing-7b-finetuned-libero-goal,/share/data/ripl/tianchong/projects/Eval_Policies_CoRL/artifacts/libero/init_state_layer2_4suite_2500_seed20260519,1,130,
libero_goal,0,open_the_middle_drawer_of_the_cabinet,open the middle drawer of the cabinet,166,libero_goal/open_the_middle_drawer_of_the_cabinet/0166,166,spatial_forcing,/share/data/ripl/tianchong/projects/Eval_Policies_CoRL/checkpoints/spatial-forcing-7b-finetuned-libero-goal,/share/data/ripl/tianchong/projects/Eval_Policies_CoRL/artifacts/libero/init_state_layer2_4suite_2500_seed20260519,1,134,
libero_goal,0,open_the_middle_drawer_of_the_cabinet,open the middle drawer of the cabinet,167,libero_goal/open_the_middle_drawer_of_the_cabinet/0167,167,spatial_forcing,/share/data/ripl/tianchong/projects/Eval_Policies_CoRL/checkpoints/spatial-forcing-7b-finetuned-libero-goal,/share/data/ripl/tianchong/projects/Eval_Policies_CoRL/artifacts/libero/init_state_layer2_4suite_2500_seed20260519,1,139,
libero_goal,0,open_the_middle_drawer_of_the_cabinet,open the middle drawer of the cabinet,168,libero_goal/open_the_middle_drawer_of_the_cabinet/0168,168,spatial_forcing,/share/data/ripl/tianchong/projects/Eval_Policies_CoRL/checkpoints/spatial-forcing-7b-finetuned-libero-goal,/share/data/ripl/tianchong/projects/Eval_Policies_CoRL/artifacts/libero/init_state_layer2_4suite_2500_seed20260519,1,141,
libero_goal,0,open_the_middle_drawer_of_the_cabinet,open the middle drawer of the cabinet,169,libero_goal/open_the_middle_drawer_of_the_cabinet/0169,169,spatial_forcing,/share/data/ripl/tianchong/projects/Eval_Policies_CoRL/checkpoints/spatial-forcing-7b-finetuned-libero-goal,/share/data/ripl/tianchong/projects/Eval_Policies_CoRL/artifacts/libero/init_state_layer2_4suite_2500_seed20260519,1,127,
libero_goal,0,open_the_middle_drawer_of_the_cabinet,open the middle drawer of the cabinet,170,libero_goal/open_the_middle_drawer_of_the_cabinet/0170,170,spatial_forcing,/share/data/ripl/tianchong/projects/Eval_Policies_CoRL/checkpoints/spatial-forcing-7b-finetuned-libero-goal,/share/data/ripl/tianchong/projects/Eval_Policies_CoRL/artifacts/libero/init_state_layer2_4suite_2500_seed20260519,1,151,
libero_goal,0,open_the_middle_drawer_of_the_cabinet,open the middle drawer of the cabinet,171,libero_goal/open_the_middle_drawer_of_the_cabinet/0171,171,spatial_forcing,/share/data/ripl/tianchong/projects/Eval_Policies_CoRL/checkpoints/spatial-forcing-7b-finetuned-libero-goal,/share/data/ripl/tianchong/projects/Eval_Policies_CoRL/artifacts/libero/init_state_layer2_4suite_2500_seed20260519,1,131,
libero_goal,0,open_the_middle_drawer_of_the_cabinet,open the middle drawer of the cabinet,172,libero_goal/open_the_middle_drawer_of_the_cabinet/0172,172,spatial_forcing,/share/data/ripl/tianchong/projects/Eval_Policies_CoRL/checkpoints/spatial-forcing-7b-finetuned-libero-goal,/share/data/ripl/tianchong/projects/Eval_Policies_CoRL/artifacts/libero/init_state_layer2_4suite_2500_seed20260519,1,128,
libero_goal,0,open_the_middle_drawer_of_the_cabinet,open the middle drawer of the cabinet,173,libero_goal/open_the_middle_drawer_of_the_cabinet/0173,173,spatial_forcing,/share/data/ripl/tianchong/projects/Eval_Policies_CoRL/checkpoints/spatial-forcing-7b-finetuned-libero-goal,/share/data/ripl/tianchong/projects/Eval_Policies_CoRL/artifacts/libero/init_state_layer2_4suite_2500_seed20260519,1,129,
libero_goal,0,open_the_middle_drawer_of_the_cabinet,open the middle drawer of the cabinet,174,libero_goal/open_the_middle_drawer_of_the_cabinet/0174,174,spatial_forcing,/share/data/ripl/tianchong/projects/Eval_Policies_CoRL/checkpoints/spatial-forcing-7b-finetuned-libero-goal,/share/data/ripl/tianchong/projects/Eval_Policies_CoRL/artifacts/libero/init_state_layer2_4suite_2500_seed20260519,1,135,
libero_goal,0,open_the_middle_drawer_of_the_cabinet,open the middle drawer of the cabinet,175,libero_goal/open_the_middle_drawer_of_the_cabinet/0175,175,spatial_forcing,/share/data/ripl/tianchong/projects/Eval_Policies_CoRL/checkpoints/spatial-forcing-7b-finetuned-libero-goal,/share/data/ripl/tianchong/projects/Eval_Policies_CoRL/artifacts/libero/init_state_layer2_4suite_2500_seed20260519,1,121,
libero_goal,0,open_the_middle_drawer_of_the_cabinet,open the middle drawer of the cabinet,176,libero_goal/open_the_middle_drawer_of_the_cabinet/0176,176,spatial_forcing,/share/data/ripl/tianchong/projects/Eval_Policies_CoRL/checkpoints/spatial-forcing-7b-finetuned-libero-goal,/share/data/ripl/tianchong/projects/Eval_Policies_CoRL/artifacts/libero/init_state_layer2_4suite_2500_seed20260519,1,153,
libero_goal,0,open_the_middle_drawer_of_the_cabinet,open the middle drawer of the cabinet,177,libero_goal/open_the_middle_drawer_of_the_cabinet/0177,177,spatial_forcing,/share/data/ripl/tianchong/projects/Eval_Policies_CoRL/checkpoints/spatial-forcing-7b-finetuned-libero-goal,/share/data/ripl/tianchong/projects/Eval_Policies_CoRL/artifacts/libero/init_state_layer2_4suite_2500_seed20260519,1,131,
libero_goal,0,open_the_middle_drawer_of_the_cabinet,open the middle drawer of the cabinet,178,libero_goal/open_the_middle_drawer_of_the_cabinet/0178,178,spatial_forcing,/share/data/ripl/tianchong/projects/Eval_Policies_CoRL/checkpoints/spatial-forcing-7b-finetuned-libero-goal,/share/data/ripl/tianchong/projects/Eval_Policies_CoRL/artifacts/libero/init_state_layer2_4suite_2500_seed20260519,1,187,
libero_goal,0,open_the_middle_drawer_of_the_cabinet,open the middle drawer of the cabinet,179,libero_goal/open_the_middle_drawer_of_the_cabinet/0179,179,spatial_forcing,/share/data/ripl/tianchong/projects/Eval_Policies_CoRL/checkpoints/spatial-forcing-7b-finetuned-libero-goal,/share/data/ripl/tianchong/projects/Eval_Policies_CoRL/artifacts/libero/init_state_layer2_4suite_2500_seed20260519,1,132,
libero_goal,0,open_the_middle_drawer_of_the_cabinet,open the middle drawer of the cabinet,180,libero_goal/open_the_middle_drawer_of_the_cabinet/0180,180,spatial_forcing,/share/data/ripl/tianchong/projects/Eval_Policies_CoRL/checkpoints/spatial-forcing-7b-finetuned-libero-goal,/share/data/ripl/tianchong/projects/Eval_Policies_CoRL/artifacts/libero/init_state_layer2_4suite_2500_seed20260519,1,121,
libero_goal,0,open_the_middle_drawer_of_the_cabinet,open the middle drawer of the cabinet,181,libero_goal/open_the_middle_drawer_of_the_cabinet/0181,181,spatial_forcing,/share/data/ripl/tianchong/projects/Eval_Policies_CoRL/checkpoints/spatial-forcing-7b-finetuned-libero-goal,/share/data/ripl/tianchong/projects/Eval_Policies_CoRL/artifacts/libero/init_state_layer2_4suite_2500_seed20260519,1,127,
libero_goal,0,open_the_middle_drawer_of_the_cabinet,open the middle drawer of the cabinet,182,libero_goal/open_the_middle_drawer_of_the_cabinet/0182,182,spatial_forcing,/share/data/ripl/tianchong/projects/Eval_Policies_CoRL/checkpoints/spatial-forcing-7b-finetuned-libero-goal,/share/data/ripl/tianchong/projects/Eval_Policies_CoRL/artifacts/libero/init_state_layer2_4suite_2500_seed20260519,1,122,
libero_goal,0,open_the_middle_drawer_of_the_cabinet,open the middle drawer of the cabinet,183,libero_goal/open_the_middle_drawer_of_the_cabinet/0183,183,spatial_forcing,/share/data/ripl/tianchong/projects/Eval_Policies_CoRL/checkpoints/spatial-forcing-7b-finetuned-libero-goal,/share/data/ripl/tianchong/projects/Eval_Policies_CoRL/artifacts/libero/init_state_layer2_4suite_2500_seed20260519,1,129,
libero_goal,0,open_the_middle_drawer_of_the_cabinet,open the middle drawer of the cabinet,184,libero_goal/open_the_middle_drawer_of_the_cabinet/0184,184,spatial_forcing,/share/data/ripl/tianchong/projects/Eval_Policies_CoRL/checkpoints/spatial-forcing-7b-finetuned-libero-goal,/share/data/ripl/tianchong/projects/Eval_Policies_CoRL/artifacts/libero/init_state_layer2_4suite_2500_seed20260519,1,130,
libero_goal,0,open_the_middle_drawer_of_the_cabinet,open the middle drawer of the cabinet,185,libero_goal/open_the_middle_drawer_of_the_cabinet/0185,185,spatial_forcing,/share/data/ripl/tianchong/projects/Eval_Policies_CoRL/checkpoints/spatial-forcing-7b-finetuned-libero-goal,/share/data/ripl/tianchong/projects/Eval_Policies_CoRL/artifacts/libero/init_state_layer2_4suite_2500_seed20260519,1,119,
libero_goal,0,open_the_middle_drawer_of_the_cabinet,open the middle drawer of the cabinet,186,libero_goal/open_the_middle_drawer_of_the_cabinet/0186,186,spatial_forcing,/share/data/ripl/tianchong/projects/Eval_Policies_CoRL/checkpoints/spatial-forcing-7b-finetuned-libero-goal,/share/data/ripl/tianchong/projects/Eval_Policies_CoRL/artifacts/libero/init_state_layer2_4suite_2500_seed20260519,1,177,
libero_goal,0,open_the_middle_drawer_of_the_cabinet,open the middle drawer of the cabinet,187,libero_goal/open_the_middle_drawer_of_the_cabinet/0187,187,spatial_forcing,/share/data/ripl/tianchong/projects/Eval_Policies_CoRL/checkpoints/spatial-forcing-7b-finetuned-libero-goal,/share/data/ripl/tianchong/projects/Eval_Policies_CoRL/artifacts/libero/init_state_layer2_4suite_2500_seed20260519,1,179,
libero_goal,0,open_the_middle_drawer_of_the_cabinet,open the middle drawer of the cabinet,188,libero_goal/open_the_middle_drawer_of_the_cabinet/0188,188,spatial_forcing,/share/data/ripl/tianchong/projects/Eval_Policies_CoRL/checkpoints/spatial-forcing-7b-finetuned-libero-goal,/share/data/ripl/tianchong/projects/Eval_Policies_CoRL/artifacts/libero/init_state_layer2_4suite_2500_seed20260519,1,128,
libero_goal,0,open_the_middle_drawer_of_the_cabinet,open the middle drawer of the cabinet,189,libero_goal/open_the_middle_drawer_of_the_cabinet/0189,189,spatial_forcing,/share/data/ripl/tianchong/projects/Eval_Policies_CoRL/checkpoints/spatial-forcing-7b-finetuned-libero-goal,/share/data/ripl/tianchong/projects/Eval_Policies_CoRL/artifacts/libero/init_state_layer2_4suite_2500_seed20260519,1,253,
libero_goal,0,open_the_middle_drawer_of_the_cabinet,open the middle drawer of the cabinet,190,libero_goal/open_the_middle_drawer_of_the_cabinet/0190,190,spatial_forcing,/share/data/ripl/tianchong/projects/Eval_Policies_CoRL/checkpoints/spatial-forcing-7b-finetuned-libero-goal,/share/data/ripl/tianchong/projects/Eval_Policies_CoRL/artifacts/libero/init_state_layer2_4suite_2500_seed20260519,1,130,
libero_goal,0,open_the_middle_drawer_of_the_cabinet,open the middle drawer of the cabinet,191,libero_goal/open_the_middle_drawer_of_the_cabinet/0191,191,spatial_forcing,/share/data/ripl/tianchong/projects/Eval_Policies_CoRL/checkpoints/spatial-forcing-7b-finetuned-libero-goal,/share/data/ripl/tianchong/projects/Eval_Policies_CoRL/artifacts/libero/init_state_layer2_4suite_2500_seed20260519,1,129,
libero_goal,0,open_the_middle_drawer_of_the_cabinet,open the middle drawer of the cabinet,192,libero_goal/open_the_middle_drawer_of_the_cabinet/0192,192,spatial_forcing,/share/data/ripl/tianchong/projects/Eval_Policies_CoRL/checkpoints/spatial-forcing-7b-finetuned-libero-goal,/share/data/ripl/tianchong/projects/Eval_Policies_CoRL/artifacts/libero/init_state_layer2_4suite_2500_seed20260519,1,128,
libero_goal,0,open_the_middle_drawer_of_the_cabinet,open the middle drawer of the cabinet,193,libero_goal/open_the_middle_drawer_of_the_cabinet/0193,193,spatial_forcing,/share/data/ripl/tianchong/projects/Eval_Policies_CoRL/checkpoints/spatial-forcing-7b-finetuned-libero-goal,/share/data/ripl/tianchong/projects/Eval_Policies_CoRL/artifacts/libero/init_state_layer2_4suite_2500_seed20260519,1,133,
libero_goal,0,open_the_middle_drawer_of_the_cabinet,open the middle drawer of the cabinet,194,libero_goal/open_the_middle_drawer_of_the_cabinet/0194,194,spatial_forcing,/share/data/ripl/tianchong/projects/Eval_Policies_CoRL/checkpoints/spatial-forcing-7b-finetuned-libero-goal,/share/data/ripl/tianchong/projects/Eval_Policies_CoRL/artifacts/libero/init_state_layer2_4suite_2500_seed20260519,1,128,
libero_goal,0,open_the_middle_drawer_of_the_cabinet,open the middle drawer of the cabinet,195,libero_goal/open_the_middle_drawer_of_the_cabinet/0195,195,spatial_forcing,/share/data/ripl/tianchong/projects/Eval_Policies_CoRL/checkpoints/spatial-forcing-7b-finetuned-libero-goal,/share/data/ripl/tianchong/projects/Eval_Policies_CoRL/artifacts/libero/init_state_layer2_4suite_2500_seed20260519,1,126,
libero_goal,0,open_the_middle_drawer_of_the_cabinet,open the middle drawer of the cabinet,196,libero_goal/open_the_middle_drawer_of_the_cabinet/0196,196,spatial_forcing,/share/data/ripl/tianchong/projects/Eval_Policies_CoRL/checkpoints/spatial-forcing-7b-finetuned-libero-goal,/share/data/ripl/tianchong/projects/Eval_Policies_CoRL/artifacts/libero/init_state_layer2_4suite_2500_seed20260519,1,130,
libero_goal,0,open_the_middle_drawer_of_the_cabinet,open the middle drawer of the cabinet,197,libero_goal/open_the_middle_drawer_of_the_cabinet/0197,197,spatial_forcing,/share/data/ripl/tianchong/projects/Eval_Policies_CoRL/checkpoints/spatial-forcing-7b-finetuned-libero-goal,/share/data/ripl/tianchong/projects/Eval_Policies_CoRL/artifacts/libero/init_state_layer2_4suite_2500_seed20260519,1,119,
libero_goal,0,open_the_middle_drawer_of_the_cabinet,open the middle drawer of the cabinet,198,libero_goal/open_the_middle_drawer_of_the_cabinet/0198,198,spatial_forcing,/share/data/ripl/tianchong/projects/Eval_Policies_CoRL/checkpoints/spatial-forcing-7b-finetuned-libero-goal,/share/data/ripl/tianchong/projects/Eval_Policies_CoRL/artifacts/libero/init_state_layer2_4suite_2500_seed20260519,1,130,
libero_goal,0,open_the_middle_drawer_of_the_cabinet,open the middle drawer of the cabinet,199,libero_goal/open_the_middle_drawer_of_the_cabinet/0199,199,spatial_forcing,/share/data/ripl/tianchong/projects/Eval_Policies_CoRL/checkpoints/spatial-forcing-7b-finetuned-libero-goal,/share/data/ripl/tianchong/projects/Eval_Policies_CoRL/artifacts/libero/init_state_layer2_4suite_2500_seed20260519,1,132,
libero_goal,0,open_the_middle_drawer_of_the_cabinet,open the middle drawer of the cabinet,200,libero_goal/open_the_middle_drawer_of_the_cabinet/0200,200,spatial_forcing,/share/data/ripl/tianchong/projects/Eval_Policies_CoRL/checkpoints/spatial-forcing-7b-finetuned-libero-goal,/share/data/ripl/tianchong/projects/Eval_Policies_CoRL/artifacts/libero/init_state_layer2_4suite_2500_seed20260519,1,136,
libero_goal,0,open_the_middle_drawer_of_the_cabinet,open the middle drawer of the cabinet,201,libero_goal/open_the_middle_drawer_of_the_cabinet/0201,201,spatial_forcing,/share/data/ripl/tianchong/projects/Eval_Policies_CoRL/checkpoints/spatial-forcing-7b-finetuned-libero-goal,/share/data/ripl/tianchong/projects/Eval_Policies_CoRL/artifacts/libero/init_state_layer2_4suite_2500_seed20260519,1,124,
libero_goal,0,open_the_middle_drawer_of_the_cabinet,open the middle drawer of the cabinet,202,libero_goal/open_the_middle_drawer_of_the_cabinet/0202,202,spatial_forcing,/share/data/ripl/tianchong/projects/Eval_Policies_CoRL/checkpoints/spatial-forcing-7b-finetuned-libero-goal,/share/data/ripl/tianchong/projects/Eval_Policies_CoRL/artifacts/libero/init_state_layer2_4suite_2500_seed20260519,1,133,
libero_goal,0,open_the_middle_drawer_of_the_cabinet,open the middle drawer of the cabinet,203,libero_goal/open_the_middle_drawer_of_the_cabinet/0203,203,spatial_forcing,/share/data/ripl/tianchong/projects/Eval_Policies_CoRL/checkpoints/spatial-forcing-7b-finetuned-libero-goal,/share/data/ripl/tianchong/projects/Eval_Policies_CoRL/artifacts/libero/init_state_layer2_4suite_2500_seed20260519,1,131,
libero_goal,0,open_the_middle_drawer_of_the_cabinet,open the middle drawer of the cabinet,204,libero_goal/open_the_middle_drawer_of_the_cabinet/0204,204,spatial_forcing,/share/data/ripl/tianchong/projects/Eval_Policies_CoRL/checkpoints/spatial-forcing-7b-finetuned-libero-goal,/share/data/ripl/tianchong/projects/Eval_Policies_CoRL/artifacts/libero/init_state_layer2_4suite_2500_seed20260519,1,122,
libero_goal,0,open_the_middle_drawer_of_the_cabinet,open the middle drawer of the cabinet,205,libero_goal/open_the_middle_drawer_of_the_cabinet/0205,205,spatial_forcing,/share/data/ripl/tianchong/projects/Eval_Policies_CoRL/checkpoints/spatial-forcing-7b-finetuned-libero-goal,/share/data/ripl/tianchong/projects/Eval_Policies_CoRL/artifacts/libero/init_state_layer2_4suite_2500_seed20260519,1,132,
libero_goal,0,open_the_middle_drawer_of_the_cabinet,open the middle drawer of the cabinet,206,libero_goal/open_the_middle_drawer_of_the_cabinet/0206,206,spatial_forcing,/share/data/ripl/tianchong/projects/Eval_Policies_CoRL/checkpoints/spatial-forcing-7b-finetuned-libero-goal,/share/data/ripl/tianchong/projects/Eval_Policies_CoRL/artifacts/libero/init_state_layer2_4suite_2500_seed20260519,1,131,
libero_goal,0,open_the_middle_drawer_of_the_cabinet,open the middle drawer of the cabinet,207,libero_goal/open_the_middle_drawer_of_the_cabinet/0207,207,spatial_forcing,/share/data/ripl/tianchong/projects/Eval_Policies_CoRL/checkpoints/spatial-forcing-7b-finetuned-libero-goal,/share/data/ripl/tianchong/projects/Eval_Policies_CoRL/artifacts/libero/init_state_layer2_4suite_2500_seed20260519,1,138,
libero_goal,0,open_the_middle_drawer_of_the_cabinet,open the middle drawer of the cabinet,208,libero_goal/open_the_middle_drawer_of_the_cabinet/0208,208,spatial_forcing,/share/data/ripl/tianchong/projects/Eval_Policies_CoRL/checkpoints/spatial-forcing-7b-finetuned-libero-goal,/share/data/ripl/tianchong/projects/Eval_Policies_CoRL/artifacts/libero/init_state_layer2_4suite_2500_seed20260519,1,195,
libero_goal,0,open_the_middle_drawer_of_the_cabinet,open the middle drawer of the cabinet,209,libero_goal/open_the_middle_drawer_of_the_cabinet/0209,209,spatial_forcing,/share/data/ripl/tianchong/projects/Eval_Policies_CoRL/checkpoints/spatial-forcing-7b-finetuned-libero-goal,/share/data/ripl/tianchong/projects/Eval_Policies_CoRL/artifacts/libero/init_state_layer2_4suite_2500_seed20260519,1,129,
libero_goal,0,open_the_middle_drawer_of_the_cabinet,open the middle drawer of the cabinet,210,libero_goal/open_the_middle_drawer_of_the_cabinet/0210,210,spatial_forcing,/share/data/ripl/tianchong/projects/Eval_Policies_CoRL/checkpoints/spatial-forcing-7b-finetuned-libero-goal,/share/data/ripl/tianchong/projects/Eval_Policies_CoRL/artifacts/libero/init_state_layer2_4suite_2500_seed20260519,1,131,
libero_goal,0,open_the_middle_drawer_of_the_cabinet,open the middle drawer of the cabinet,211,libero_goal/open_the_middle_drawer_of_the_cabinet/0211,211,spatial_forcing,/share/data/ripl/tianchong/projects/Eval_Policies_CoRL/checkpoints/spatial-forcing-7b-finetuned-libero-goal,/share/data/ripl/tianchong/projects/Eval_Policies_CoRL/artifacts/libero/init_state_layer2_4suite_2500_seed20260519,1,189,
libero_goal,0,open_the_middle_drawer_of_the_cabinet,open the middle drawer of the cabinet,212,libero_goal/open_the_middle_drawer_of_the_cabinet/0212,212,spatial_forcing,/share/data/ripl/tianchong/projects/Eval_Policies_CoRL/checkpoints/spatial-forcing-7b-finetuned-libero-goal,/share/data/ripl/tianchong/projects/Eval_Policies_CoRL/artifacts/libero/init_state_layer2_4suite_2500_seed20260519,1,139,
libero_goal,0,open_the_middle_drawer_of_the_cabinet,open the middle drawer of the cabinet,213,libero_goal/open_the_middle_drawer_of_the_cabinet/0213,213,spatial_forcing,/share/data/ripl/tianchong/projects/Eval_Policies_CoRL/checkpoints/spatial-forcing-7b-finetuned-libero-goal,/share/data/ripl/tianchong/projects/Eval_Policies_CoRL/artifacts/libero/init_state_layer2_4suite_2500_seed20260519,1,135,
libero_goal,0,open_the_middle_drawer_of_the_cabinet,open the middle drawer of the cabinet,214,libero_goal/open_the_middle_drawer_of_the_cabinet/0214,214,spatial_forcing,/share/data/ripl/tianchong/projects/Eval_Policies_CoRL/checkpoints/spatial-forcing-7b-finetuned-libero-goal,/share/data/ripl/tianchong/projects/Eval_Policies_CoRL/artifacts/libero/init_state_layer2_4suite_2500_seed20260519,1,212,
libero_goal,0,open_the_middle_drawer_of_the_cabinet,open the middle drawer of the cabinet,215,libero_goal/open_the_middle_drawer_of_the_cabinet/0215,215,spatial_forcing,/share/data/ripl/tianchong/projects/Eval_Policies_CoRL/checkpoints/spatial-forcing-7b-finetuned-libero-goal,/share/data/ripl/tianchong/projects/Eval_Policies_CoRL/artifacts/libero/init_state_layer2_4suite_2500_seed20260519,1,128,
libero_goal,0,open_the_middle_drawer_of_the_cabinet,open the middle drawer of the cabinet,216,libero_goal/open_the_middle_drawer_of_the_cabinet/0216,216,spatial_forcing,/share/data/ripl/tianchong/projects/Eval_Policies_CoRL/checkpoints/spatial-forcing-7b-finetuned-libero-goal,/share/data/ripl/tianchong/projects/Eval_Policies_CoRL/artifacts/libero/init_state_layer2_4suite_2500_seed20260519,1,130,
libero_goal,0,open_the_middle_drawer_of_the_cabinet,open the middle drawer of the cabinet,217,libero_goal/open_the_middle_drawer_of_the_cabinet/0217,217,spatial_forcing,/share/data/ripl/tianchong/projects/Eval_Policies_CoRL/checkpoints/spatial-forcing-7b-finetuned-libero-goal,/share/data/ripl/tianchong/projects/Eval_Policies_CoRL/artifacts/libero/init_state_layer2_4suite_2500_seed20260519,1,129,
libero_goal,0,open_the_middle_drawer_of_the_cabinet,open the middle drawer of the cabinet,218,libero_goal/open_the_middle_drawer_of_the_cabinet/0218,218,spatial_forcing,/share/data/ripl/tianchong/projects/Eval_Policies_CoRL/checkpoints/spatial-forcing-7b-finetuned-libero-goal,/share/data/ripl/tianchong/projects/Eval_Policies_CoRL/artifacts/libero/init_state_layer2_4suite_2500_seed20260519,1,130,
libero_goal,0,open_the_middle_drawer_of_the_cabinet,open the middle drawer of the cabinet,219,libero_goal/open_the_middle_drawer_of_the_cabinet/0219,219,spatial_forcing,/share/data/ripl/tianchong/projects/Eval_Policies_CoRL/checkpoints/spatial-forcing-7b-finetuned-libero-goal,/share/data/ripl/tianchong/projects/Eval_Policies_CoRL/artifacts/libero/init_state_layer2_4suite_2500_seed20260519,1,123,
libero_goal,0,open_the_middle_drawer_of_the_cabinet,open the middle drawer of the cabinet,220,libero_goal/open_the_middle_drawer_of_the_cabinet/0220,220,spatial_forcing,/share/data/ripl/tianchong/projects/Eval_Policies_CoRL/checkpoints/spatial-forcing-7b-finetuned-libero-goal,/share/data/ripl/tianchong/projects/Eval_Policies_CoRL/artifacts/libero/init_state_layer2_4suite_2500_seed20260519,1,135,
libero_goal,0,open_the_middle_drawer_of_the_cabinet,open the middle drawer of the cabinet,221,libero_goal/open_the_middle_drawer_of_the_cabinet/0221,221,spatial_forcing,/share/data/ripl/tianchong/projects/Eval_Policies_CoRL/checkpoints/spatial-forcing-7b-finetuned-libero-goal,/share/data/ripl/tianchong/projects/Eval_Policies_CoRL/artifacts/libero/init_state_layer2_4suite_2500_seed20260519,1,128,
libero_goal,0,open_the_middle_drawer_of_the_cabinet,open the middle drawer of the cabinet,222,libero_goal/open_the_middle_drawer_of_the_cabinet/0222,222,spatial_forcing,/share/data/ripl/tianchong/projects/Eval_Policies_CoRL/checkpoints/spatial-forcing-7b-finetuned-libero-goal,/share/data/ripl/tianchong/projects/Eval_Policies_CoRL/artifacts/libero/init_state_layer2_4suite_2500_seed20260519,1,127,
libero_goal,0,open_the_middle_drawer_of_the_cabinet,open the middle drawer of the cabinet,223,libero_goal/open_the_middle_drawer_of_the_cabinet/0223,223,spatial_forcing,/share/data/ripl/tianchong/projects/Eval_Policies_CoRL/checkpoints/spatial-forcing-7b-finetuned-libero-goal,/share/data/ripl/tianchong/projects/Eval_Policies_CoRL/artifacts/libero/init_state_layer2_4suite_2500_seed20260519,1,136,
libero_goal,0,open_the_middle_drawer_of_the_cabinet,open the middle drawer of the cabinet,224,libero_goal/open_the_middle_drawer_of_the_cabinet/0224,224,spatial_forcing,/share/data/ripl/tianchong/projects/Eval_Policies_CoRL/checkpoints/spatial-forcing-7b-finetuned-libero-goal,/share/data/ripl/tianchong/projects/Eval_Policies_CoRL/artifacts/libero/init_state_layer2_4suite_2500_seed20260519,1,130,
libero_goal,0,open_the_middle_drawer_of_the_cabinet,open the middle drawer of the cabinet,225,libero_goal/open_the_middle_drawer_of_the_cabinet/0225,225,spatial_forcing,/share/data/ripl/tianchong/projects/Eval_Policies_CoRL/checkpoints/spatial-forcing-7b-finetuned-libero-goal,/share/data/ripl/tianchong/projects/Eval_Policies_CoRL/artifacts/libero/init_state_layer2_4suite_2500_seed20260519,1,123,
libero_goal,0,open_the_middle_drawer_of_the_cabinet,open the middle drawer of the cabinet,226,libero_goal/open_the_middle_drawer_of_the_cabinet/0226,226,spatial_forcing,/share/data/ripl/tianchong/projects/Eval_Policies_CoRL/checkpoints/spatial-forcing-7b-finetuned-libero-goal,/share/data/ripl/tianchong/projects/Eval_Policies_CoRL/artifacts/libero/init_state_layer2_4suite_2500_seed20260519,1,129,
libero_goal,0,open_the_middle_drawer_of_the_cabinet,open the middle drawer of the cabinet,227,libero_goal/open_the_middle_drawer_of_the_cabinet/0227,227,spatial_forcing,/share/data/ripl/tianchong/projects/Eval_Policies_CoRL/checkpoints/spatial-forcing-7b-finetuned-libero-goal,/share/data/ripl/tianchong/projects/Eval_Policies_CoRL/artifacts/libero/init_state_layer2_4suite_2500_seed20260519,1,122,
libero_goal,0,open_the_middle_drawer_of_the_cabinet,open the middle drawer of the cabinet,228,libero_goal/open_the_middle_drawer_of_the_cabinet/0228,228,spatial_forcing,/share/data/ripl/tianchong/projects/Eval_Policies_CoRL/checkpoints/spatial-forcing-7b-finetuned-libero-goal,/share/data/ripl/tianchong/projects/Eval_Policies_CoRL/artifacts/libero/init_state_layer2_4suite_2500_seed20260519,1,128,
libero_goal,0,open_the_middle_drawer_of_the_cabinet,open the middle drawer of the cabinet,229,libero_goal/open_the_middle_drawer_of_the_cabinet/0229,229,spatial_forcing,/share/data/ripl/tianchong/projects/Eval_Policies_CoRL/checkpoints/spatial-forcing-7b-finetuned-libero-goal,/share/data/ripl/tianchong/projects/Eval_Policies_CoRL/artifacts/libero/init_state_layer2_4suite_2500_seed20260519,1,124,
libero_goal,0,open_the_middle_drawer_of_the_cabinet,open the middle drawer of the cabinet,230,libero_goal/open_the_middle_drawer_of_the_cabinet/0230,230,spatial_forcing,/share/data/ripl/tianchong/projects/Eval_Policies_CoRL/checkpoints/spatial-forcing-7b-finetuned-libero-goal,/share/data/ripl/tianchong/projects/Eval_Policies_CoRL/artifacts/libero/init_state_layer2_4suite_2500_seed20260519,1,130,
libero_goal,0,open_the_middle_drawer_of_the_cabinet,open the middle drawer of the cabinet,231,libero_goal/open_the_middle_drawer_of_the_cabinet/0231,231,spatial_forcing,/share/data/ripl/tianchong/projects/Eval_Policies_CoRL/checkpoints/spatial-forcing-7b-finetuned-libero-goal,/share/data/ripl/tianchong/projects/Eval_Policies_CoRL/artifacts/libero/init_state_layer2_4suite_2500_seed20260519,1,184,
libero_goal,0,open_the_middle_drawer_of_the_cabinet,open the middle drawer of the cabinet,232,libero_goal/open_the_middle_drawer_of_the_cabinet/0232,232,spatial_forcing,/share/data/ripl/tianchong/projects/Eval_Policies_CoRL/checkpoints/spatial-forcing-7b-finetuned-libero-goal,/share/data/ripl/tianchong/projects/Eval_Policies_CoRL/artifacts/libero/init_state_layer2_4suite_2500_seed20260519,1,129,
libero_goal,0,open_the_middle_drawer_of_the_cabinet,open the middle drawer of the cabinet,233,libero_goal/open_the_middle_drawer_of_the_cabinet/0233,233,spatial_forcing,/share/data/ripl/tianchong/projects/Eval_Policies_CoRL/checkpoints/spatial-forcing-7b-finetuned-libero-goal,/share/data/ripl/tianchong/projects/Eval_Policies_CoRL/artifacts/libero/init_state_layer2_4suite_2500_seed20260519,1,123,
libero_goal,0,open_the_middle_drawer_of_the_cabinet,open the middle drawer of the cabinet,234,libero_goal/open_the_middle_drawer_of_the_cabinet/0234,234,spatial_forcing,/share/data/ripl/tianchong/projects/Eval_Policies_CoRL/checkpoints/spatial-forcing-7b-finetuned-libero-goal,/share/data/ripl/tianchong/projects/Eval_Policies_CoRL/artifacts/libero/init_state_layer2_4suite_2500_seed20260519,1,162,
libero_goal,0,open_the_middle_drawer_of_the_cabinet,open the middle drawer of the cabinet,235,libero_goal/open_the_middle_drawer_of_the_cabinet/0235,235,spatial_forcing,/share/data/ripl/tianchong/projects/Eval_Policies_CoRL/checkpoints/spatial-forcing-7b-finetuned-libero-goal,/share/data/ripl/tianchong/projects/Eval_Policies_CoRL/artifacts/libero/init_state_layer2_4suite_2500_seed20260519,1,129,
libero_goal,0,open_the_middle_drawer_of_the_cabinet,open the middle drawer of the cabinet,236,libero_goal/open_the_middle_drawer_of_the_cabinet/0236,236,spatial_forcing,/share/data/ripl/tianchong/projects/Eval_Policies_CoRL/checkpoints/spatial-forcing-7b-finetuned-libero-goal,/share/data/ripl/tianchong/projects/Eval_Policies_CoRL/artifacts/libero/init_state_layer2_4suite_2500_seed20260519,1,130,
libero_goal,0,open_the_middle_drawer_of_the_cabinet,open the middle drawer of the cabinet,237,libero_goal/open_the_middle_drawer_of_the_cabinet/0237,237,spatial_forcing,/share/data/ripl/tianchong/projects/Eval_Policies_CoRL/checkpoints/spatial-forcing-7b-finetuned-libero-goal,/share/data/ripl/tianchong/projects/Eval_Policies_CoRL/artifacts/libero/init_state_layer2_4suite_2500_seed20260519,1,128,
libero_goal,0,open_the_middle_drawer_of_the_cabinet,open the middle drawer of the cabinet,238,libero_goal/open_the_middle_drawer_of_the_cabinet/0238,238,spatial_forcing,/share/data/ripl/tianchong/projects/Eval_Policies_CoRL/checkpoints/spatial-forcing-7b-finetuned-libero-goal,/share/data/ripl/tianchong/projects/Eval_Policies_CoRL/artifacts/libero/init_state_layer2_4suite_2500_seed20260519,1,135,
libero_goal,0,open_the_middle_drawer_of_the_cabinet,open the middle drawer of the cabinet,239,libero_goal/open_the_middle_drawer_of_the_cabinet/0239,239,spatial_forcing,/share/data/ripl/tianchong/projects/Eval_Policies_CoRL/checkpoints/spatial-forcing-7b-finetuned-libero-goal,/share/data/ripl/tianchong/projects/Eval_Policies_CoRL/artifacts/libero/init_state_layer2_4suite_2500_seed20260519,1,128,
libero_goal,0,open_the_middle_drawer_of_the_cabinet,open the middle drawer of the cabinet,240,libero_goal/open_the_middle_drawer_of_the_cabinet/0240,240,spatial_forcing,/share/data/ripl/tianchong/projects/Eval_Policies_CoRL/checkpoints/spatial-forcing-7b-finetuned-libero-goal,/share/data/ripl/tianchong/projects/Eval_Policies_CoRL/artifacts/libero/init_state_layer2_4suite_2500_seed20260519,1,126,
libero_goal,0,open_the_middle_drawer_of_the_cabinet,open the middle drawer of the cabinet,241,libero_goal/open_the_middle_drawer_of_the_cabinet/0241,241,spatial_forcing,/share/data/ripl/tianchong/projects/Eval_Policies_CoRL/checkpoints/spatial-forcing-7b-finetuned-libero-goal,/share/data/ripl/tianchong/projects/Eval_Policies_CoRL/artifacts/libero/init_state_layer2_4suite_2500_seed20260519,1,125,
libero_goal,0,open_the_middle_drawer_of_the_cabinet,open the middle drawer of the cabinet,242,libero_goal/open_the_middle_drawer_of_the_cabinet/0242,242,spatial_forcing,/share/data/ripl/tianchong/projects/Eval_Policies_CoRL/checkpoints/spatial-forcing-7b-finetuned-libero-goal,/share/data/ripl/tianchong/projects/Eval_Policies_CoRL/artifacts/libero/init_state_layer2_4suite_2500_seed20260519,1,133,
libero_goal,0,open_the_middle_drawer_of_the_cabinet,open the middle drawer of the cabinet,243,libero_goal/open_the_middle_drawer_of_the_cabinet/0243,243,spatial_forcing,/share/data/ripl/tianchong/projects/Eval_Policies_CoRL/checkpoints/spatial-forcing-7b-finetuned-libero-goal,/share/data/ripl/tianchong/projects/Eval_Policies_CoRL/artifacts/libero/init_state_layer2_4suite_2500_seed20260519,1,124,
libero_goal,0,open_the_middle_drawer_of_the_cabinet,open the middle drawer of the cabinet,244,libero_goal/open_the_middle_drawer_of_the_cabinet/0244,244,spatial_forcing,/share/data/ripl/tianchong/projects/Eval_Policies_CoRL/checkpoints/spatial-forcing-7b-finetuned-libero-goal,/share/data/ripl/tianchong/projects/Eval_Policies_CoRL/artifacts/libero/init_state_layer2_4suite_2500_seed20260519,1,129,
libero_goal,0,open_the_middle_drawer_of_the_cabinet,open the middle drawer of the cabinet,245,libero_goal/open_the_middle_drawer_of_the_cabinet/0245,245,spatial_forcing,/share/data/ripl/tianchong/projects/Eval_Policies_CoRL/checkpoints/spatial-forcing-7b-finetuned-libero-goal,/share/data/ripl/tianchong/projects/Eval_Policies_CoRL/artifacts/libero/init_state_layer2_4suite_2500_seed20260519,1,147,
libero_goal,0,open_the_middle_drawer_of_the_cabinet,open the middle drawer of the cabinet,246,libero_goal/open_the_middle_drawer_of_the_cabinet/0246,246,spatial_forcing,/share/data/ripl/tianchong/projects/Eval_Policies_CoRL/checkpoints/spatial-forcing-7b-finetuned-libero-goal,/share/data/ripl/tianchong/projects/Eval_Policies_CoRL/artifacts/libero/init_state_layer2_4suite_2500_seed20260519,1,132,
libero_goal,0,open_the_middle_drawer_of_the_cabinet,open the middle drawer of the cabinet,247,libero_goal/open_the_middle_drawer_of_the_cabinet/0247,247,spatial_forcing,/share/data/ripl/tianchong/projects/Eval_Policies_CoRL/checkpoints/spatial-forcing-7b-finetuned-libero-goal,/share/data/ripl/tianchong/projects/Eval_Policies_CoRL/artifacts/libero/init_state_layer2_4suite_2500_seed20260519,1,127,
libero_goal,0,open_the_middle_drawer_of_the_cabinet,open the middle drawer of the cabinet,248,libero_goal/open_the_middle_drawer_of_the_cabinet/0248,248,spatial_forcing,/share/data/ripl/tianchong/projects/Eval_Policies_CoRL/checkpoints/spatial-forcing-7b-finetuned-libero-goal,/share/data/ripl/tianchong/projects/Eval_Policies_CoRL/artifacts/libero/init_state_layer2_4suite_2500_seed20260519,1,129,
libero_goal,0,open_the_middle_drawer_of_the_cabinet,open the middle drawer of the cabinet,249,libero_goal/open_the_middle_drawer_of_the_cabinet/0249,249,spatial_forcing,/share/data/ripl/tianchong/projects/Eval_Policies_CoRL/checkpoints/spatial-forcing-7b-finetuned-libero-goal,/share/data/ripl/tianchong/projects/Eval_Policies_CoRL/artifacts/libero/init_state_layer2_4suite_2500_seed20260519,1,188,
