suite,task_id,task_name,task_description,episode_idx,instance_id,total_episode_idx,policy_name,checkpoint_ref,initial_states_path,success,num_env_steps,error_type,elapsed_s
libero_goal,4,put_the_bowl_on_top_of_the_cabinet,put the bowl on top of the cabinet,0,libero_goal/put_the_bowl_on_top_of_the_cabinet/0000,2000,pi05_lerobot,/share/data/ripl/tianchong/projects/Eval_Policies_CoRL/checkpoints/pi05-libero-finetuned,/share/data/ripl/tianchong/projects/Eval_Policies_CoRL/artifacts/libero/init_state_layer2_4suite_2500_seed20260519,1,83,,14.477
libero_goal,4,put_the_bowl_on_top_of_the_cabinet,put the bowl on top of the cabinet,1,libero_goal/put_the_bowl_on_top_of_the_cabinet/0001,2001,pi05_lerobot,/share/data/ripl/tianchong/projects/Eval_Policies_CoRL/checkpoints/pi05-libero-finetuned,/share/data/ripl/tianchong/projects/Eval_Policies_CoRL/artifacts/libero/init_state_layer2_4suite_2500_seed20260519,1,80,,13.130
libero_goal,4,put_the_bowl_on_top_of_the_cabinet,put the bowl on top of the cabinet,2,libero_goal/put_the_bowl_on_top_of_the_cabinet/0002,2002,pi05_lerobot,/share/data/ripl/tianchong/projects/Eval_Policies_CoRL/checkpoints/pi05-libero-finetuned,/share/data/ripl/tianchong/projects/Eval_Policies_CoRL/artifacts/libero/init_state_layer2_4suite_2500_seed20260519,1,83,,13.631
libero_goal,4,put_the_bowl_on_top_of_the_cabinet,put the bowl on top of the cabinet,3,libero_goal/put_the_bowl_on_top_of_the_cabinet/0003,2003,pi05_lerobot,/share/data/ripl/tianchong/projects/Eval_Policies_CoRL/checkpoints/pi05-libero-finetuned,/share/data/ripl/tianchong/projects/Eval_Policies_CoRL/artifacts/libero/init_state_layer2_4suite_2500_seed20260519,1,78,,13.196
libero_goal,4,put_the_bowl_on_top_of_the_cabinet,put the bowl on top of the cabinet,4,libero_goal/put_the_bowl_on_top_of_the_cabinet/0004,2004,pi05_lerobot,/share/data/ripl/tianchong/projects/Eval_Policies_CoRL/checkpoints/pi05-libero-finetuned,/share/data/ripl/tianchong/projects/Eval_Policies_CoRL/artifacts/libero/init_state_layer2_4suite_2500_seed20260519,1,78,,14.452
libero_goal,4,put_the_bowl_on_top_of_the_cabinet,put the bowl on top of the cabinet,5,libero_goal/put_the_bowl_on_top_of_the_cabinet/0005,2005,pi05_lerobot,/share/data/ripl/tianchong/projects/Eval_Policies_CoRL/checkpoints/pi05-libero-finetuned,/share/data/ripl/tianchong/projects/Eval_Policies_CoRL/artifacts/libero/init_state_layer2_4suite_2500_seed20260519,1,82,,14.069
libero_goal,4,put_the_bowl_on_top_of_the_cabinet,put the bowl on top of the cabinet,6,libero_goal/put_the_bowl_on_top_of_the_cabinet/0006,2006,pi05_lerobot,/share/data/ripl/tianchong/projects/Eval_Policies_CoRL/checkpoints/pi05-libero-finetuned,/share/data/ripl/tianchong/projects/Eval_Policies_CoRL/artifacts/libero/init_state_layer2_4suite_2500_seed20260519,1,84,,13.559
libero_goal,4,put_the_bowl_on_top_of_the_cabinet,put the bowl on top of the cabinet,7,libero_goal/put_the_bowl_on_top_of_the_cabinet/0007,2007,pi05_lerobot,/share/data/ripl/tianchong/projects/Eval_Policies_CoRL/checkpoints/pi05-libero-finetuned,/share/data/ripl/tianchong/projects/Eval_Policies_CoRL/artifacts/libero/init_state_layer2_4suite_2500_seed20260519,1,78,,13.112
libero_goal,4,put_the_bowl_on_top_of_the_cabinet,put the bowl on top of the cabinet,8,libero_goal/put_the_bowl_on_top_of_the_cabinet/0008,2008,pi05_lerobot,/share/data/ripl/tianchong/projects/Eval_Policies_CoRL/checkpoints/pi05-libero-finetuned,/share/data/ripl/tianchong/projects/Eval_Policies_CoRL/artifacts/libero/init_state_layer2_4suite_2500_seed20260519,1,80,,13.376
libero_goal,4,put_the_bowl_on_top_of_the_cabinet,put the bowl on top of the cabinet,9,libero_goal/put_the_bowl_on_top_of_the_cabinet/0009,2009,pi05_lerobot,/share/data/ripl/tianchong/projects/Eval_Policies_CoRL/checkpoints/pi05-libero-finetuned,/share/data/ripl/tianchong/projects/Eval_Policies_CoRL/artifacts/libero/init_state_layer2_4suite_2500_seed20260519,1,86,,14.146
libero_goal,4,put_the_bowl_on_top_of_the_cabinet,put the bowl on top of the cabinet,10,libero_goal/put_the_bowl_on_top_of_the_cabinet/0010,2010,pi05_lerobot,/share/data/ripl/tianchong/projects/Eval_Policies_CoRL/checkpoints/pi05-libero-finetuned,/share/data/ripl/tianchong/projects/Eval_Policies_CoRL/artifacts/libero/init_state_layer2_4suite_2500_seed20260519,1,78,,13.187
libero_goal,4,put_the_bowl_on_top_of_the_cabinet,put the bowl on top of the cabinet,11,libero_goal/put_the_bowl_on_top_of_the_cabinet/0011,2011,pi05_lerobot,/share/data/ripl/tianchong/projects/Eval_Policies_CoRL/checkpoints/pi05-libero-finetuned,/share/data/ripl/tianchong/projects/Eval_Policies_CoRL/artifacts/libero/init_state_layer2_4suite_2500_seed20260519,1,84,,13.776
libero_goal,4,put_the_bowl_on_top_of_the_cabinet,put the bowl on top of the cabinet,12,libero_goal/put_the_bowl_on_top_of_the_cabinet/0012,2012,pi05_lerobot,/share/data/ripl/tianchong/projects/Eval_Policies_CoRL/checkpoints/pi05-libero-finetuned,/share/data/ripl/tianchong/projects/Eval_Policies_CoRL/artifacts/libero/init_state_layer2_4suite_2500_seed20260519,1,77,,13.776
libero_goal,4,put_the_bowl_on_top_of_the_cabinet,put the bowl on top of the cabinet,13,libero_goal/put_the_bowl_on_top_of_the_cabinet/0013,2013,pi05_lerobot,/share/data/ripl/tianchong/projects/Eval_Policies_CoRL/checkpoints/pi05-libero-finetuned,/share/data/ripl/tianchong/projects/Eval_Policies_CoRL/artifacts/libero/init_state_layer2_4suite_2500_seed20260519,1,84,,13.912
libero_goal,4,put_the_bowl_on_top_of_the_cabinet,put the bowl on top of the cabinet,14,libero_goal/put_the_bowl_on_top_of_the_cabinet/0014,2014,pi05_lerobot,/share/data/ripl/tianchong/projects/Eval_Policies_CoRL/checkpoints/pi05-libero-finetuned,/share/data/ripl/tianchong/projects/Eval_Policies_CoRL/artifacts/libero/init_state_layer2_4suite_2500_seed20260519,1,83,,14.921
libero_goal,4,put_the_bowl_on_top_of_the_cabinet,put the bowl on top of the cabinet,15,libero_goal/put_the_bowl_on_top_of_the_cabinet/0015,2015,pi05_lerobot,/share/data/ripl/tianchong/projects/Eval_Policies_CoRL/checkpoints/pi05-libero-finetuned,/share/data/ripl/tianchong/projects/Eval_Policies_CoRL/artifacts/libero/init_state_layer2_4suite_2500_seed20260519,1,80,,14.540
libero_goal,4,put_the_bowl_on_top_of_the_cabinet,put the bowl on top of the cabinet,16,libero_goal/put_the_bowl_on_top_of_the_cabinet/0016,2016,pi05_lerobot,/share/data/ripl/tianchong/projects/Eval_Policies_CoRL/checkpoints/pi05-libero-finetuned,/share/data/ripl/tianchong/projects/Eval_Policies_CoRL/artifacts/libero/init_state_layer2_4suite_2500_seed20260519,1,81,,13.550
libero_goal,4,put_the_bowl_on_top_of_the_cabinet,put the bowl on top of the cabinet,17,libero_goal/put_the_bowl_on_top_of_the_cabinet/0017,2017,pi05_lerobot,/share/data/ripl/tianchong/projects/Eval_Policies_CoRL/checkpoints/pi05-libero-finetuned,/share/data/ripl/tianchong/projects/Eval_Policies_CoRL/artifacts/libero/init_state_layer2_4suite_2500_seed20260519,1,82,,13.723
libero_goal,4,put_the_bowl_on_top_of_the_cabinet,put the bowl on top of the cabinet,18,libero_goal/put_the_bowl_on_top_of_the_cabinet/0018,2018,pi05_lerobot,/share/data/ripl/tianchong/projects/Eval_Policies_CoRL/checkpoints/pi05-libero-finetuned,/share/data/ripl/tianchong/projects/Eval_Policies_CoRL/artifacts/libero/init_state_layer2_4suite_2500_seed20260519,1,80,,13.374
libero_goal,4,put_the_bowl_on_top_of_the_cabinet,put the bowl on top of the cabinet,19,libero_goal/put_the_bowl_on_top_of_the_cabinet/0019,2019,pi05_lerobot,/share/data/ripl/tianchong/projects/Eval_Policies_CoRL/checkpoints/pi05-libero-finetuned,/share/data/ripl/tianchong/projects/Eval_Policies_CoRL/artifacts/libero/init_state_layer2_4suite_2500_seed20260519,1,79,,13.142
libero_goal,4,put_the_bowl_on_top_of_the_cabinet,put the bowl on top of the cabinet,20,libero_goal/put_the_bowl_on_top_of_the_cabinet/0020,2020,pi05_lerobot,/share/data/ripl/tianchong/projects/Eval_Policies_CoRL/checkpoints/pi05-libero-finetuned,/share/data/ripl/tianchong/projects/Eval_Policies_CoRL/artifacts/libero/init_state_layer2_4suite_2500_seed20260519,1,75,,14.393
libero_goal,4,put_the_bowl_on_top_of_the_cabinet,put the bowl on top of the cabinet,21,libero_goal/put_the_bowl_on_top_of_the_cabinet/0021,2021,pi05_lerobot,/share/data/ripl/tianchong/projects/Eval_Policies_CoRL/checkpoints/pi05-libero-finetuned,/share/data/ripl/tianchong/projects/Eval_Policies_CoRL/artifacts/libero/init_state_layer2_4suite_2500_seed20260519,1,87,,13.822
libero_goal,4,put_the_bowl_on_top_of_the_cabinet,put the bowl on top of the cabinet,22,libero_goal/put_the_bowl_on_top_of_the_cabinet/0022,2022,pi05_lerobot,/share/data/ripl/tianchong/projects/Eval_Policies_CoRL/checkpoints/pi05-libero-finetuned,/share/data/ripl/tianchong/projects/Eval_Policies_CoRL/artifacts/libero/init_state_layer2_4suite_2500_seed20260519,1,87,,14.059
libero_goal,4,put_the_bowl_on_top_of_the_cabinet,put the bowl on top of the cabinet,23,libero_goal/put_the_bowl_on_top_of_the_cabinet/0023,2023,pi05_lerobot,/share/data/ripl/tianchong/projects/Eval_Policies_CoRL/checkpoints/pi05-libero-finetuned,/share/data/ripl/tianchong/projects/Eval_Policies_CoRL/artifacts/libero/init_state_layer2_4suite_2500_seed20260519,1,82,,13.902
libero_goal,4,put_the_bowl_on_top_of_the_cabinet,put the bowl on top of the cabinet,24,libero_goal/put_the_bowl_on_top_of_the_cabinet/0024,2024,pi05_lerobot,/share/data/ripl/tianchong/projects/Eval_Policies_CoRL/checkpoints/pi05-libero-finetuned,/share/data/ripl/tianchong/projects/Eval_Policies_CoRL/artifacts/libero/init_state_layer2_4suite_2500_seed20260519,1,82,,13.665
libero_goal,4,put_the_bowl_on_top_of_the_cabinet,put the bowl on top of the cabinet,25,libero_goal/put_the_bowl_on_top_of_the_cabinet/0025,2025,pi05_lerobot,/share/data/ripl/tianchong/projects/Eval_Policies_CoRL/checkpoints/pi05-libero-finetuned,/share/data/ripl/tianchong/projects/Eval_Policies_CoRL/artifacts/libero/init_state_layer2_4suite_2500_seed20260519,1,87,,14.196
libero_goal,4,put_the_bowl_on_top_of_the_cabinet,put the bowl on top of the cabinet,26,libero_goal/put_the_bowl_on_top_of_the_cabinet/0026,2026,pi05_lerobot,/share/data/ripl/tianchong/projects/Eval_Policies_CoRL/checkpoints/pi05-libero-finetuned,/share/data/ripl/tianchong/projects/Eval_Policies_CoRL/artifacts/libero/init_state_layer2_4suite_2500_seed20260519,1,80,,14.430
libero_goal,4,put_the_bowl_on_top_of_the_cabinet,put the bowl on top of the cabinet,27,libero_goal/put_the_bowl_on_top_of_the_cabinet/0027,2027,pi05_lerobot,/share/data/ripl/tianchong/projects/Eval_Policies_CoRL/checkpoints/pi05-libero-finetuned,/share/data/ripl/tianchong/projects/Eval_Policies_CoRL/artifacts/libero/init_state_layer2_4suite_2500_seed20260519,1,92,,14.602
libero_goal,4,put_the_bowl_on_top_of_the_cabinet,put the bowl on top of the cabinet,28,libero_goal/put_the_bowl_on_top_of_the_cabinet/0028,2028,pi05_lerobot,/share/data/ripl/tianchong/projects/Eval_Policies_CoRL/checkpoints/pi05-libero-finetuned,/share/data/ripl/tianchong/projects/Eval_Policies_CoRL/artifacts/libero/init_state_layer2_4suite_2500_seed20260519,1,84,,13.793
libero_goal,4,put_the_bowl_on_top_of_the_cabinet,put the bowl on top of the cabinet,29,libero_goal/put_the_bowl_on_top_of_the_cabinet/0029,2029,pi05_lerobot,/share/data/ripl/tianchong/projects/Eval_Policies_CoRL/checkpoints/pi05-libero-finetuned,/share/data/ripl/tianchong/projects/Eval_Policies_CoRL/artifacts/libero/init_state_layer2_4suite_2500_seed20260519,1,87,,14.159
libero_goal,4,put_the_bowl_on_top_of_the_cabinet,put the bowl on top of the cabinet,30,libero_goal/put_the_bowl_on_top_of_the_cabinet/0030,2030,pi05_lerobot,/share/data/ripl/tianchong/projects/Eval_Policies_CoRL/checkpoints/pi05-libero-finetuned,/share/data/ripl/tianchong/projects/Eval_Policies_CoRL/artifacts/libero/init_state_layer2_4suite_2500_seed20260519,1,81,,13.713
libero_goal,4,put_the_bowl_on_top_of_the_cabinet,put the bowl on top of the cabinet,31,libero_goal/put_the_bowl_on_top_of_the_cabinet/0031,2031,pi05_lerobot,/share/data/ripl/tianchong/projects/Eval_Policies_CoRL/checkpoints/pi05-libero-finetuned,/share/data/ripl/tianchong/projects/Eval_Policies_CoRL/artifacts/libero/init_state_layer2_4suite_2500_seed20260519,1,77,,13.697
libero_goal,4,put_the_bowl_on_top_of_the_cabinet,put the bowl on top of the cabinet,32,libero_goal/put_the_bowl_on_top_of_the_cabinet/0032,2032,pi05_lerobot,/share/data/ripl/tianchong/projects/Eval_Policies_CoRL/checkpoints/pi05-libero-finetuned,/share/data/ripl/tianchong/projects/Eval_Policies_CoRL/artifacts/libero/init_state_layer2_4suite_2500_seed20260519,1,80,,13.126
libero_goal,4,put_the_bowl_on_top_of_the_cabinet,put the bowl on top of the cabinet,33,libero_goal/put_the_bowl_on_top_of_the_cabinet/0033,2033,pi05_lerobot,/share/data/ripl/tianchong/projects/Eval_Policies_CoRL/checkpoints/pi05-libero-finetuned,/share/data/ripl/tianchong/projects/Eval_Policies_CoRL/artifacts/libero/init_state_layer2_4suite_2500_seed20260519,1,76,,13.065
libero_goal,4,put_the_bowl_on_top_of_the_cabinet,put the bowl on top of the cabinet,34,libero_goal/put_the_bowl_on_top_of_the_cabinet/0034,2034,pi05_lerobot,/share/data/ripl/tianchong/projects/Eval_Policies_CoRL/checkpoints/pi05-libero-finetuned,/share/data/ripl/tianchong/projects/Eval_Policies_CoRL/artifacts/libero/init_state_layer2_4suite_2500_seed20260519,1,78,,13.150
libero_goal,4,put_the_bowl_on_top_of_the_cabinet,put the bowl on top of the cabinet,35,libero_goal/put_the_bowl_on_top_of_the_cabinet/0035,2035,pi05_lerobot,/share/data/ripl/tianchong/projects/Eval_Policies_CoRL/checkpoints/pi05-libero-finetuned,/share/data/ripl/tianchong/projects/Eval_Policies_CoRL/artifacts/libero/init_state_layer2_4suite_2500_seed20260519,1,76,,13.298
libero_goal,4,put_the_bowl_on_top_of_the_cabinet,put the bowl on top of the cabinet,36,libero_goal/put_the_bowl_on_top_of_the_cabinet/0036,2036,pi05_lerobot,/share/data/ripl/tianchong/projects/Eval_Policies_CoRL/checkpoints/pi05-libero-finetuned,/share/data/ripl/tianchong/projects/Eval_Policies_CoRL/artifacts/libero/init_state_layer2_4suite_2500_seed20260519,1,82,,13.594
libero_goal,4,put_the_bowl_on_top_of_the_cabinet,put the bowl on top of the cabinet,37,libero_goal/put_the_bowl_on_top_of_the_cabinet/0037,2037,pi05_lerobot,/share/data/ripl/tianchong/projects/Eval_Policies_CoRL/checkpoints/pi05-libero-finetuned,/share/data/ripl/tianchong/projects/Eval_Policies_CoRL/artifacts/libero/init_state_layer2_4suite_2500_seed20260519,1,90,,13.917
libero_goal,4,put_the_bowl_on_top_of_the_cabinet,put the bowl on top of the cabinet,38,libero_goal/put_the_bowl_on_top_of_the_cabinet/0038,2038,pi05_lerobot,/share/data/ripl/tianchong/projects/Eval_Policies_CoRL/checkpoints/pi05-libero-finetuned,/share/data/ripl/tianchong/projects/Eval_Policies_CoRL/artifacts/libero/init_state_layer2_4suite_2500_seed20260519,1,86,,14.561
libero_goal,4,put_the_bowl_on_top_of_the_cabinet,put the bowl on top of the cabinet,39,libero_goal/put_the_bowl_on_top_of_the_cabinet/0039,2039,pi05_lerobot,/share/data/ripl/tianchong/projects/Eval_Policies_CoRL/checkpoints/pi05-libero-finetuned,/share/data/ripl/tianchong/projects/Eval_Policies_CoRL/artifacts/libero/init_state_layer2_4suite_2500_seed20260519,1,76,,13.203
libero_goal,4,put_the_bowl_on_top_of_the_cabinet,put the bowl on top of the cabinet,40,libero_goal/put_the_bowl_on_top_of_the_cabinet/0040,2040,pi05_lerobot,/share/data/ripl/tianchong/projects/Eval_Policies_CoRL/checkpoints/pi05-libero-finetuned,/share/data/ripl/tianchong/projects/Eval_Policies_CoRL/artifacts/libero/init_state_layer2_4suite_2500_seed20260519,1,80,,15.702
libero_goal,4,put_the_bowl_on_top_of_the_cabinet,put the bowl on top of the cabinet,41,libero_goal/put_the_bowl_on_top_of_the_cabinet/0041,2041,pi05_lerobot,/share/data/ripl/tianchong/projects/Eval_Policies_CoRL/checkpoints/pi05-libero-finetuned,/share/data/ripl/tianchong/projects/Eval_Policies_CoRL/artifacts/libero/init_state_layer2_4suite_2500_seed20260519,1,77,,13.360
libero_goal,4,put_the_bowl_on_top_of_the_cabinet,put the bowl on top of the cabinet,42,libero_goal/put_the_bowl_on_top_of_the_cabinet/0042,2042,pi05_lerobot,/share/data/ripl/tianchong/projects/Eval_Policies_CoRL/checkpoints/pi05-libero-finetuned,/share/data/ripl/tianchong/projects/Eval_Policies_CoRL/artifacts/libero/init_state_layer2_4suite_2500_seed20260519,1,84,,13.691
libero_goal,4,put_the_bowl_on_top_of_the_cabinet,put the bowl on top of the cabinet,43,libero_goal/put_the_bowl_on_top_of_the_cabinet/0043,2043,pi05_lerobot,/share/data/ripl/tianchong/projects/Eval_Policies_CoRL/checkpoints/pi05-libero-finetuned,/share/data/ripl/tianchong/projects/Eval_Policies_CoRL/artifacts/libero/init_state_layer2_4suite_2500_seed20260519,1,79,,13.723
libero_goal,4,put_the_bowl_on_top_of_the_cabinet,put the bowl on top of the cabinet,44,libero_goal/put_the_bowl_on_top_of_the_cabinet/0044,2044,pi05_lerobot,/share/data/ripl/tianchong/projects/Eval_Policies_CoRL/checkpoints/pi05-libero-finetuned,/share/data/ripl/tianchong/projects/Eval_Policies_CoRL/artifacts/libero/init_state_layer2_4suite_2500_seed20260519,1,82,,14.991
libero_goal,4,put_the_bowl_on_top_of_the_cabinet,put the bowl on top of the cabinet,45,libero_goal/put_the_bowl_on_top_of_the_cabinet/0045,2045,pi05_lerobot,/share/data/ripl/tianchong/projects/Eval_Policies_CoRL/checkpoints/pi05-libero-finetuned,/share/data/ripl/tianchong/projects/Eval_Policies_CoRL/artifacts/libero/init_state_layer2_4suite_2500_seed20260519,1,79,,13.496
libero_goal,4,put_the_bowl_on_top_of_the_cabinet,put the bowl on top of the cabinet,46,libero_goal/put_the_bowl_on_top_of_the_cabinet/0046,2046,pi05_lerobot,/share/data/ripl/tianchong/projects/Eval_Policies_CoRL/checkpoints/pi05-libero-finetuned,/share/data/ripl/tianchong/projects/Eval_Policies_CoRL/artifacts/libero/init_state_layer2_4suite_2500_seed20260519,1,81,,14.537
libero_goal,4,put_the_bowl_on_top_of_the_cabinet,put the bowl on top of the cabinet,47,libero_goal/put_the_bowl_on_top_of_the_cabinet/0047,2047,pi05_lerobot,/share/data/ripl/tianchong/projects/Eval_Policies_CoRL/checkpoints/pi05-libero-finetuned,/share/data/ripl/tianchong/projects/Eval_Policies_CoRL/artifacts/libero/init_state_layer2_4suite_2500_seed20260519,1,79,,14.510
libero_goal,4,put_the_bowl_on_top_of_the_cabinet,put the bowl on top of the cabinet,48,libero_goal/put_the_bowl_on_top_of_the_cabinet/0048,2048,pi05_lerobot,/share/data/ripl/tianchong/projects/Eval_Policies_CoRL/checkpoints/pi05-libero-finetuned,/share/data/ripl/tianchong/projects/Eval_Policies_CoRL/artifacts/libero/init_state_layer2_4suite_2500_seed20260519,1,85,,14.632
libero_goal,4,put_the_bowl_on_top_of_the_cabinet,put the bowl on top of the cabinet,49,libero_goal/put_the_bowl_on_top_of_the_cabinet/0049,2049,pi05_lerobot,/share/data/ripl/tianchong/projects/Eval_Policies_CoRL/checkpoints/pi05-libero-finetuned,/share/data/ripl/tianchong/projects/Eval_Policies_CoRL/artifacts/libero/init_state_layer2_4suite_2500_seed20260519,1,79,,13.812
libero_goal,4,put_the_bowl_on_top_of_the_cabinet,put the bowl on top of the cabinet,50,libero_goal/put_the_bowl_on_top_of_the_cabinet/0050,2050,pi05_lerobot,/share/data/ripl/tianchong/projects/Eval_Policies_CoRL/checkpoints/pi05-libero-finetuned,/share/data/ripl/tianchong/projects/Eval_Policies_CoRL/artifacts/libero/init_state_layer2_4suite_2500_seed20260519,1,82,,14.473
libero_goal,4,put_the_bowl_on_top_of_the_cabinet,put the bowl on top of the cabinet,51,libero_goal/put_the_bowl_on_top_of_the_cabinet/0051,2051,pi05_lerobot,/share/data/ripl/tianchong/projects/Eval_Policies_CoRL/checkpoints/pi05-libero-finetuned,/share/data/ripl/tianchong/projects/Eval_Policies_CoRL/artifacts/libero/init_state_layer2_4suite_2500_seed20260519,1,130,,18.215
libero_goal,4,put_the_bowl_on_top_of_the_cabinet,put the bowl on top of the cabinet,52,libero_goal/put_the_bowl_on_top_of_the_cabinet/0052,2052,pi05_lerobot,/share/data/ripl/tianchong/projects/Eval_Policies_CoRL/checkpoints/pi05-libero-finetuned,/share/data/ripl/tianchong/projects/Eval_Policies_CoRL/artifacts/libero/init_state_layer2_4suite_2500_seed20260519,1,84,,14.788
libero_goal,4,put_the_bowl_on_top_of_the_cabinet,put the bowl on top of the cabinet,53,libero_goal/put_the_bowl_on_top_of_the_cabinet/0053,2053,pi05_lerobot,/share/data/ripl/tianchong/projects/Eval_Policies_CoRL/checkpoints/pi05-libero-finetuned,/share/data/ripl/tianchong/projects/Eval_Policies_CoRL/artifacts/libero/init_state_layer2_4suite_2500_seed20260519,1,80,,15.660
libero_goal,4,put_the_bowl_on_top_of_the_cabinet,put the bowl on top of the cabinet,54,libero_goal/put_the_bowl_on_top_of_the_cabinet/0054,2054,pi05_lerobot,/share/data/ripl/tianchong/projects/Eval_Policies_CoRL/checkpoints/pi05-libero-finetuned,/share/data/ripl/tianchong/projects/Eval_Policies_CoRL/artifacts/libero/init_state_layer2_4suite_2500_seed20260519,1,78,,14.276
libero_goal,4,put_the_bowl_on_top_of_the_cabinet,put the bowl on top of the cabinet,55,libero_goal/put_the_bowl_on_top_of_the_cabinet/0055,2055,pi05_lerobot,/share/data/ripl/tianchong/projects/Eval_Policies_CoRL/checkpoints/pi05-libero-finetuned,/share/data/ripl/tianchong/projects/Eval_Policies_CoRL/artifacts/libero/init_state_layer2_4suite_2500_seed20260519,1,81,,14.581
libero_goal,4,put_the_bowl_on_top_of_the_cabinet,put the bowl on top of the cabinet,56,libero_goal/put_the_bowl_on_top_of_the_cabinet/0056,2056,pi05_lerobot,/share/data/ripl/tianchong/projects/Eval_Policies_CoRL/checkpoints/pi05-libero-finetuned,/share/data/ripl/tianchong/projects/Eval_Policies_CoRL/artifacts/libero/init_state_layer2_4suite_2500_seed20260519,1,84,,14.366
libero_goal,4,put_the_bowl_on_top_of_the_cabinet,put the bowl on top of the cabinet,57,libero_goal/put_the_bowl_on_top_of_the_cabinet/0057,2057,pi05_lerobot,/share/data/ripl/tianchong/projects/Eval_Policies_CoRL/checkpoints/pi05-libero-finetuned,/share/data/ripl/tianchong/projects/Eval_Policies_CoRL/artifacts/libero/init_state_layer2_4suite_2500_seed20260519,1,81,,14.138
libero_goal,4,put_the_bowl_on_top_of_the_cabinet,put the bowl on top of the cabinet,58,libero_goal/put_the_bowl_on_top_of_the_cabinet/0058,2058,pi05_lerobot,/share/data/ripl/tianchong/projects/Eval_Policies_CoRL/checkpoints/pi05-libero-finetuned,/share/data/ripl/tianchong/projects/Eval_Policies_CoRL/artifacts/libero/init_state_layer2_4suite_2500_seed20260519,1,89,,14.323
libero_goal,4,put_the_bowl_on_top_of_the_cabinet,put the bowl on top of the cabinet,59,libero_goal/put_the_bowl_on_top_of_the_cabinet/0059,2059,pi05_lerobot,/share/data/ripl/tianchong/projects/Eval_Policies_CoRL/checkpoints/pi05-libero-finetuned,/share/data/ripl/tianchong/projects/Eval_Policies_CoRL/artifacts/libero/init_state_layer2_4suite_2500_seed20260519,1,80,,13.491
libero_goal,4,put_the_bowl_on_top_of_the_cabinet,put the bowl on top of the cabinet,60,libero_goal/put_the_bowl_on_top_of_the_cabinet/0060,2060,pi05_lerobot,/share/data/ripl/tianchong/projects/Eval_Policies_CoRL/checkpoints/pi05-libero-finetuned,/share/data/ripl/tianchong/projects/Eval_Policies_CoRL/artifacts/libero/init_state_layer2_4suite_2500_seed20260519,1,78,,13.806
libero_goal,4,put_the_bowl_on_top_of_the_cabinet,put the bowl on top of the cabinet,61,libero_goal/put_the_bowl_on_top_of_the_cabinet/0061,2061,pi05_lerobot,/share/data/ripl/tianchong/projects/Eval_Policies_CoRL/checkpoints/pi05-libero-finetuned,/share/data/ripl/tianchong/projects/Eval_Policies_CoRL/artifacts/libero/init_state_layer2_4suite_2500_seed20260519,1,80,,13.463
libero_goal,4,put_the_bowl_on_top_of_the_cabinet,put the bowl on top of the cabinet,62,libero_goal/put_the_bowl_on_top_of_the_cabinet/0062,2062,pi05_lerobot,/share/data/ripl/tianchong/projects/Eval_Policies_CoRL/checkpoints/pi05-libero-finetuned,/share/data/ripl/tianchong/projects/Eval_Policies_CoRL/artifacts/libero/init_state_layer2_4suite_2500_seed20260519,1,82,,13.802
libero_goal,4,put_the_bowl_on_top_of_the_cabinet,put the bowl on top of the cabinet,63,libero_goal/put_the_bowl_on_top_of_the_cabinet/0063,2063,pi05_lerobot,/share/data/ripl/tianchong/projects/Eval_Policies_CoRL/checkpoints/pi05-libero-finetuned,/share/data/ripl/tianchong/projects/Eval_Policies_CoRL/artifacts/libero/init_state_layer2_4suite_2500_seed20260519,1,77,,13.753
libero_goal,4,put_the_bowl_on_top_of_the_cabinet,put the bowl on top of the cabinet,64,libero_goal/put_the_bowl_on_top_of_the_cabinet/0064,2064,pi05_lerobot,/share/data/ripl/tianchong/projects/Eval_Policies_CoRL/checkpoints/pi05-libero-finetuned,/share/data/ripl/tianchong/projects/Eval_Policies_CoRL/artifacts/libero/init_state_layer2_4suite_2500_seed20260519,1,93,,14.490
libero_goal,4,put_the_bowl_on_top_of_the_cabinet,put the bowl on top of the cabinet,65,libero_goal/put_the_bowl_on_top_of_the_cabinet/0065,2065,pi05_lerobot,/share/data/ripl/tianchong/projects/Eval_Policies_CoRL/checkpoints/pi05-libero-finetuned,/share/data/ripl/tianchong/projects/Eval_Policies_CoRL/artifacts/libero/init_state_layer2_4suite_2500_seed20260519,1,77,,13.083
libero_goal,4,put_the_bowl_on_top_of_the_cabinet,put the bowl on top of the cabinet,66,libero_goal/put_the_bowl_on_top_of_the_cabinet/0066,2066,pi05_lerobot,/share/data/ripl/tianchong/projects/Eval_Policies_CoRL/checkpoints/pi05-libero-finetuned,/share/data/ripl/tianchong/projects/Eval_Policies_CoRL/artifacts/libero/init_state_layer2_4suite_2500_seed20260519,1,79,,14.435
libero_goal,4,put_the_bowl_on_top_of_the_cabinet,put the bowl on top of the cabinet,67,libero_goal/put_the_bowl_on_top_of_the_cabinet/0067,2067,pi05_lerobot,/share/data/ripl/tianchong/projects/Eval_Policies_CoRL/checkpoints/pi05-libero-finetuned,/share/data/ripl/tianchong/projects/Eval_Policies_CoRL/artifacts/libero/init_state_layer2_4suite_2500_seed20260519,1,173,,20.028
libero_goal,4,put_the_bowl_on_top_of_the_cabinet,put the bowl on top of the cabinet,68,libero_goal/put_the_bowl_on_top_of_the_cabinet/0068,2068,pi05_lerobot,/share/data/ripl/tianchong/projects/Eval_Policies_CoRL/checkpoints/pi05-libero-finetuned,/share/data/ripl/tianchong/projects/Eval_Policies_CoRL/artifacts/libero/init_state_layer2_4suite_2500_seed20260519,1,80,,13.162
libero_goal,4,put_the_bowl_on_top_of_the_cabinet,put the bowl on top of the cabinet,69,libero_goal/put_the_bowl_on_top_of_the_cabinet/0069,2069,pi05_lerobot,/share/data/ripl/tianchong/projects/Eval_Policies_CoRL/checkpoints/pi05-libero-finetuned,/share/data/ripl/tianchong/projects/Eval_Policies_CoRL/artifacts/libero/init_state_layer2_4suite_2500_seed20260519,1,83,,14.731
libero_goal,4,put_the_bowl_on_top_of_the_cabinet,put the bowl on top of the cabinet,70,libero_goal/put_the_bowl_on_top_of_the_cabinet/0070,2070,pi05_lerobot,/share/data/ripl/tianchong/projects/Eval_Policies_CoRL/checkpoints/pi05-libero-finetuned,/share/data/ripl/tianchong/projects/Eval_Policies_CoRL/artifacts/libero/init_state_layer2_4suite_2500_seed20260519,1,82,,13.573
libero_goal,4,put_the_bowl_on_top_of_the_cabinet,put the bowl on top of the cabinet,71,libero_goal/put_the_bowl_on_top_of_the_cabinet/0071,2071,pi05_lerobot,/share/data/ripl/tianchong/projects/Eval_Policies_CoRL/checkpoints/pi05-libero-finetuned,/share/data/ripl/tianchong/projects/Eval_Policies_CoRL/artifacts/libero/init_state_layer2_4suite_2500_seed20260519,1,161,,19.408
libero_goal,4,put_the_bowl_on_top_of_the_cabinet,put the bowl on top of the cabinet,72,libero_goal/put_the_bowl_on_top_of_the_cabinet/0072,2072,pi05_lerobot,/share/data/ripl/tianchong/projects/Eval_Policies_CoRL/checkpoints/pi05-libero-finetuned,/share/data/ripl/tianchong/projects/Eval_Policies_CoRL/artifacts/libero/init_state_layer2_4suite_2500_seed20260519,1,77,,14.264
libero_goal,4,put_the_bowl_on_top_of_the_cabinet,put the bowl on top of the cabinet,73,libero_goal/put_the_bowl_on_top_of_the_cabinet/0073,2073,pi05_lerobot,/share/data/ripl/tianchong/projects/Eval_Policies_CoRL/checkpoints/pi05-libero-finetuned,/share/data/ripl/tianchong/projects/Eval_Policies_CoRL/artifacts/libero/init_state_layer2_4suite_2500_seed20260519,1,90,,13.992
libero_goal,4,put_the_bowl_on_top_of_the_cabinet,put the bowl on top of the cabinet,74,libero_goal/put_the_bowl_on_top_of_the_cabinet/0074,2074,pi05_lerobot,/share/data/ripl/tianchong/projects/Eval_Policies_CoRL/checkpoints/pi05-libero-finetuned,/share/data/ripl/tianchong/projects/Eval_Policies_CoRL/artifacts/libero/init_state_layer2_4suite_2500_seed20260519,1,90,,15.058
libero_goal,4,put_the_bowl_on_top_of_the_cabinet,put the bowl on top of the cabinet,75,libero_goal/put_the_bowl_on_top_of_the_cabinet/0075,2075,pi05_lerobot,/share/data/ripl/tianchong/projects/Eval_Policies_CoRL/checkpoints/pi05-libero-finetuned,/share/data/ripl/tianchong/projects/Eval_Policies_CoRL/artifacts/libero/init_state_layer2_4suite_2500_seed20260519,1,80,,14.148
libero_goal,4,put_the_bowl_on_top_of_the_cabinet,put the bowl on top of the cabinet,76,libero_goal/put_the_bowl_on_top_of_the_cabinet/0076,2076,pi05_lerobot,/share/data/ripl/tianchong/projects/Eval_Policies_CoRL/checkpoints/pi05-libero-finetuned,/share/data/ripl/tianchong/projects/Eval_Policies_CoRL/artifacts/libero/init_state_layer2_4suite_2500_seed20260519,1,80,,13.055
libero_goal,4,put_the_bowl_on_top_of_the_cabinet,put the bowl on top of the cabinet,77,libero_goal/put_the_bowl_on_top_of_the_cabinet/0077,2077,pi05_lerobot,/share/data/ripl/tianchong/projects/Eval_Policies_CoRL/checkpoints/pi05-libero-finetuned,/share/data/ripl/tianchong/projects/Eval_Policies_CoRL/artifacts/libero/init_state_layer2_4suite_2500_seed20260519,1,84,,13.705
libero_goal,4,put_the_bowl_on_top_of_the_cabinet,put the bowl on top of the cabinet,78,libero_goal/put_the_bowl_on_top_of_the_cabinet/0078,2078,pi05_lerobot,/share/data/ripl/tianchong/projects/Eval_Policies_CoRL/checkpoints/pi05-libero-finetuned,/share/data/ripl/tianchong/projects/Eval_Policies_CoRL/artifacts/libero/init_state_layer2_4suite_2500_seed20260519,1,84,,14.258
libero_goal,4,put_the_bowl_on_top_of_the_cabinet,put the bowl on top of the cabinet,79,libero_goal/put_the_bowl_on_top_of_the_cabinet/0079,2079,pi05_lerobot,/share/data/ripl/tianchong/projects/Eval_Policies_CoRL/checkpoints/pi05-libero-finetuned,/share/data/ripl/tianchong/projects/Eval_Policies_CoRL/artifacts/libero/init_state_layer2_4suite_2500_seed20260519,0,300,,24.993
libero_goal,4,put_the_bowl_on_top_of_the_cabinet,put the bowl on top of the cabinet,80,libero_goal/put_the_bowl_on_top_of_the_cabinet/0080,2080,pi05_lerobot,/share/data/ripl/tianchong/projects/Eval_Policies_CoRL/checkpoints/pi05-libero-finetuned,/share/data/ripl/tianchong/projects/Eval_Policies_CoRL/artifacts/libero/init_state_layer2_4suite_2500_seed20260519,1,83,,13.778
libero_goal,4,put_the_bowl_on_top_of_the_cabinet,put the bowl on top of the cabinet,81,libero_goal/put_the_bowl_on_top_of_the_cabinet/0081,2081,pi05_lerobot,/share/data/ripl/tianchong/projects/Eval_Policies_CoRL/checkpoints/pi05-libero-finetuned,/share/data/ripl/tianchong/projects/Eval_Policies_CoRL/artifacts/libero/init_state_layer2_4suite_2500_seed20260519,1,85,,13.664
libero_goal,4,put_the_bowl_on_top_of_the_cabinet,put the bowl on top of the cabinet,82,libero_goal/put_the_bowl_on_top_of_the_cabinet/0082,2082,pi05_lerobot,/share/data/ripl/tianchong/projects/Eval_Policies_CoRL/checkpoints/pi05-libero-finetuned,/share/data/ripl/tianchong/projects/Eval_Policies_CoRL/artifacts/libero/init_state_layer2_4suite_2500_seed20260519,1,78,,13.023
libero_goal,4,put_the_bowl_on_top_of_the_cabinet,put the bowl on top of the cabinet,83,libero_goal/put_the_bowl_on_top_of_the_cabinet/0083,2083,pi05_lerobot,/share/data/ripl/tianchong/projects/Eval_Policies_CoRL/checkpoints/pi05-libero-finetuned,/share/data/ripl/tianchong/projects/Eval_Policies_CoRL/artifacts/libero/init_state_layer2_4suite_2500_seed20260519,1,76,,14.354
libero_goal,4,put_the_bowl_on_top_of_the_cabinet,put the bowl on top of the cabinet,84,libero_goal/put_the_bowl_on_top_of_the_cabinet/0084,2084,pi05_lerobot,/share/data/ripl/tianchong/projects/Eval_Policies_CoRL/checkpoints/pi05-libero-finetuned,/share/data/ripl/tianchong/projects/Eval_Policies_CoRL/artifacts/libero/init_state_layer2_4suite_2500_seed20260519,1,76,,13.072
libero_goal,4,put_the_bowl_on_top_of_the_cabinet,put the bowl on top of the cabinet,85,libero_goal/put_the_bowl_on_top_of_the_cabinet/0085,2085,pi05_lerobot,/share/data/ripl/tianchong/projects/Eval_Policies_CoRL/checkpoints/pi05-libero-finetuned,/share/data/ripl/tianchong/projects/Eval_Policies_CoRL/artifacts/libero/init_state_layer2_4suite_2500_seed20260519,1,82,,13.698
libero_goal,4,put_the_bowl_on_top_of_the_cabinet,put the bowl on top of the cabinet,86,libero_goal/put_the_bowl_on_top_of_the_cabinet/0086,2086,pi05_lerobot,/share/data/ripl/tianchong/projects/Eval_Policies_CoRL/checkpoints/pi05-libero-finetuned,/share/data/ripl/tianchong/projects/Eval_Policies_CoRL/artifacts/libero/init_state_layer2_4suite_2500_seed20260519,1,78,,13.072
libero_goal,4,put_the_bowl_on_top_of_the_cabinet,put the bowl on top of the cabinet,87,libero_goal/put_the_bowl_on_top_of_the_cabinet/0087,2087,pi05_lerobot,/share/data/ripl/tianchong/projects/Eval_Policies_CoRL/checkpoints/pi05-libero-finetuned,/share/data/ripl/tianchong/projects/Eval_Policies_CoRL/artifacts/libero/init_state_layer2_4suite_2500_seed20260519,1,91,,14.375
libero_goal,4,put_the_bowl_on_top_of_the_cabinet,put the bowl on top of the cabinet,88,libero_goal/put_the_bowl_on_top_of_the_cabinet/0088,2088,pi05_lerobot,/share/data/ripl/tianchong/projects/Eval_Policies_CoRL/checkpoints/pi05-libero-finetuned,/share/data/ripl/tianchong/projects/Eval_Policies_CoRL/artifacts/libero/init_state_layer2_4suite_2500_seed20260519,1,75,,12.900
libero_goal,4,put_the_bowl_on_top_of_the_cabinet,put the bowl on top of the cabinet,89,libero_goal/put_the_bowl_on_top_of_the_cabinet/0089,2089,pi05_lerobot,/share/data/ripl/tianchong/projects/Eval_Policies_CoRL/checkpoints/pi05-libero-finetuned,/share/data/ripl/tianchong/projects/Eval_Policies_CoRL/artifacts/libero/init_state_layer2_4suite_2500_seed20260519,1,85,,13.718
libero_goal,4,put_the_bowl_on_top_of_the_cabinet,put the bowl on top of the cabinet,90,libero_goal/put_the_bowl_on_top_of_the_cabinet/0090,2090,pi05_lerobot,/share/data/ripl/tianchong/projects/Eval_Policies_CoRL/checkpoints/pi05-libero-finetuned,/share/data/ripl/tianchong/projects/Eval_Policies_CoRL/artifacts/libero/init_state_layer2_4suite_2500_seed20260519,1,84,,13.725
libero_goal,4,put_the_bowl_on_top_of_the_cabinet,put the bowl on top of the cabinet,91,libero_goal/put_the_bowl_on_top_of_the_cabinet/0091,2091,pi05_lerobot,/share/data/ripl/tianchong/projects/Eval_Policies_CoRL/checkpoints/pi05-libero-finetuned,/share/data/ripl/tianchong/projects/Eval_Policies_CoRL/artifacts/libero/init_state_layer2_4suite_2500_seed20260519,1,79,,15.190
libero_goal,4,put_the_bowl_on_top_of_the_cabinet,put the bowl on top of the cabinet,92,libero_goal/put_the_bowl_on_top_of_the_cabinet/0092,2092,pi05_lerobot,/share/data/ripl/tianchong/projects/Eval_Policies_CoRL/checkpoints/pi05-libero-finetuned,/share/data/ripl/tianchong/projects/Eval_Policies_CoRL/artifacts/libero/init_state_layer2_4suite_2500_seed20260519,1,73,,12.916
libero_goal,4,put_the_bowl_on_top_of_the_cabinet,put the bowl on top of the cabinet,93,libero_goal/put_the_bowl_on_top_of_the_cabinet/0093,2093,pi05_lerobot,/share/data/ripl/tianchong/projects/Eval_Policies_CoRL/checkpoints/pi05-libero-finetuned,/share/data/ripl/tianchong/projects/Eval_Policies_CoRL/artifacts/libero/init_state_layer2_4suite_2500_seed20260519,1,91,,14.355
libero_goal,4,put_the_bowl_on_top_of_the_cabinet,put the bowl on top of the cabinet,94,libero_goal/put_the_bowl_on_top_of_the_cabinet/0094,2094,pi05_lerobot,/share/data/ripl/tianchong/projects/Eval_Policies_CoRL/checkpoints/pi05-libero-finetuned,/share/data/ripl/tianchong/projects/Eval_Policies_CoRL/artifacts/libero/init_state_layer2_4suite_2500_seed20260519,1,81,,13.727
libero_goal,4,put_the_bowl_on_top_of_the_cabinet,put the bowl on top of the cabinet,95,libero_goal/put_the_bowl_on_top_of_the_cabinet/0095,2095,pi05_lerobot,/share/data/ripl/tianchong/projects/Eval_Policies_CoRL/checkpoints/pi05-libero-finetuned,/share/data/ripl/tianchong/projects/Eval_Policies_CoRL/artifacts/libero/init_state_layer2_4suite_2500_seed20260519,1,82,,14.433
libero_goal,4,put_the_bowl_on_top_of_the_cabinet,put the bowl on top of the cabinet,96,libero_goal/put_the_bowl_on_top_of_the_cabinet/0096,2096,pi05_lerobot,/share/data/ripl/tianchong/projects/Eval_Policies_CoRL/checkpoints/pi05-libero-finetuned,/share/data/ripl/tianchong/projects/Eval_Policies_CoRL/artifacts/libero/init_state_layer2_4suite_2500_seed20260519,1,84,,13.689
libero_goal,4,put_the_bowl_on_top_of_the_cabinet,put the bowl on top of the cabinet,97,libero_goal/put_the_bowl_on_top_of_the_cabinet/0097,2097,pi05_lerobot,/share/data/ripl/tianchong/projects/Eval_Policies_CoRL/checkpoints/pi05-libero-finetuned,/share/data/ripl/tianchong/projects/Eval_Policies_CoRL/artifacts/libero/init_state_layer2_4suite_2500_seed20260519,1,83,,13.779
libero_goal,4,put_the_bowl_on_top_of_the_cabinet,put the bowl on top of the cabinet,98,libero_goal/put_the_bowl_on_top_of_the_cabinet/0098,2098,pi05_lerobot,/share/data/ripl/tianchong/projects/Eval_Policies_CoRL/checkpoints/pi05-libero-finetuned,/share/data/ripl/tianchong/projects/Eval_Policies_CoRL/artifacts/libero/init_state_layer2_4suite_2500_seed20260519,1,73,,12.747
libero_goal,4,put_the_bowl_on_top_of_the_cabinet,put the bowl on top of the cabinet,99,libero_goal/put_the_bowl_on_top_of_the_cabinet/0099,2099,pi05_lerobot,/share/data/ripl/tianchong/projects/Eval_Policies_CoRL/checkpoints/pi05-libero-finetuned,/share/data/ripl/tianchong/projects/Eval_Policies_CoRL/artifacts/libero/init_state_layer2_4suite_2500_seed20260519,1,79,,13.254
libero_goal,4,put_the_bowl_on_top_of_the_cabinet,put the bowl on top of the cabinet,100,libero_goal/put_the_bowl_on_top_of_the_cabinet/0100,2100,pi05_lerobot,/share/data/ripl/tianchong/projects/Eval_Policies_CoRL/checkpoints/pi05-libero-finetuned,/share/data/ripl/tianchong/projects/Eval_Policies_CoRL/artifacts/libero/init_state_layer2_4suite_2500_seed20260519,1,85,,13.663
libero_goal,4,put_the_bowl_on_top_of_the_cabinet,put the bowl on top of the cabinet,101,libero_goal/put_the_bowl_on_top_of_the_cabinet/0101,2101,pi05_lerobot,/share/data/ripl/tianchong/projects/Eval_Policies_CoRL/checkpoints/pi05-libero-finetuned,/share/data/ripl/tianchong/projects/Eval_Policies_CoRL/artifacts/libero/init_state_layer2_4suite_2500_seed20260519,1,85,,14.000
libero_goal,4,put_the_bowl_on_top_of_the_cabinet,put the bowl on top of the cabinet,102,libero_goal/put_the_bowl_on_top_of_the_cabinet/0102,2102,pi05_lerobot,/share/data/ripl/tianchong/projects/Eval_Policies_CoRL/checkpoints/pi05-libero-finetuned,/share/data/ripl/tianchong/projects/Eval_Policies_CoRL/artifacts/libero/init_state_layer2_4suite_2500_seed20260519,1,84,,13.610
libero_goal,4,put_the_bowl_on_top_of_the_cabinet,put the bowl on top of the cabinet,103,libero_goal/put_the_bowl_on_top_of_the_cabinet/0103,2103,pi05_lerobot,/share/data/ripl/tianchong/projects/Eval_Policies_CoRL/checkpoints/pi05-libero-finetuned,/share/data/ripl/tianchong/projects/Eval_Policies_CoRL/artifacts/libero/init_state_layer2_4suite_2500_seed20260519,1,77,,16.109
libero_goal,4,put_the_bowl_on_top_of_the_cabinet,put the bowl on top of the cabinet,104,libero_goal/put_the_bowl_on_top_of_the_cabinet/0104,2104,pi05_lerobot,/share/data/ripl/tianchong/projects/Eval_Policies_CoRL/checkpoints/pi05-libero-finetuned,/share/data/ripl/tianchong/projects/Eval_Policies_CoRL/artifacts/libero/init_state_layer2_4suite_2500_seed20260519,1,85,,13.467
libero_goal,4,put_the_bowl_on_top_of_the_cabinet,put the bowl on top of the cabinet,105,libero_goal/put_the_bowl_on_top_of_the_cabinet/0105,2105,pi05_lerobot,/share/data/ripl/tianchong/projects/Eval_Policies_CoRL/checkpoints/pi05-libero-finetuned,/share/data/ripl/tianchong/projects/Eval_Policies_CoRL/artifacts/libero/init_state_layer2_4suite_2500_seed20260519,1,80,,13.093
libero_goal,4,put_the_bowl_on_top_of_the_cabinet,put the bowl on top of the cabinet,106,libero_goal/put_the_bowl_on_top_of_the_cabinet/0106,2106,pi05_lerobot,/share/data/ripl/tianchong/projects/Eval_Policies_CoRL/checkpoints/pi05-libero-finetuned,/share/data/ripl/tianchong/projects/Eval_Policies_CoRL/artifacts/libero/init_state_layer2_4suite_2500_seed20260519,1,79,,13.096
libero_goal,4,put_the_bowl_on_top_of_the_cabinet,put the bowl on top of the cabinet,107,libero_goal/put_the_bowl_on_top_of_the_cabinet/0107,2107,pi05_lerobot,/share/data/ripl/tianchong/projects/Eval_Policies_CoRL/checkpoints/pi05-libero-finetuned,/share/data/ripl/tianchong/projects/Eval_Policies_CoRL/artifacts/libero/init_state_layer2_4suite_2500_seed20260519,1,84,,13.666
libero_goal,4,put_the_bowl_on_top_of_the_cabinet,put the bowl on top of the cabinet,108,libero_goal/put_the_bowl_on_top_of_the_cabinet/0108,2108,pi05_lerobot,/share/data/ripl/tianchong/projects/Eval_Policies_CoRL/checkpoints/pi05-libero-finetuned,/share/data/ripl/tianchong/projects/Eval_Policies_CoRL/artifacts/libero/init_state_layer2_4suite_2500_seed20260519,1,79,,13.161
libero_goal,4,put_the_bowl_on_top_of_the_cabinet,put the bowl on top of the cabinet,109,libero_goal/put_the_bowl_on_top_of_the_cabinet/0109,2109,pi05_lerobot,/share/data/ripl/tianchong/projects/Eval_Policies_CoRL/checkpoints/pi05-libero-finetuned,/share/data/ripl/tianchong/projects/Eval_Policies_CoRL/artifacts/libero/init_state_layer2_4suite_2500_seed20260519,1,83,,13.368
libero_goal,4,put_the_bowl_on_top_of_the_cabinet,put the bowl on top of the cabinet,110,libero_goal/put_the_bowl_on_top_of_the_cabinet/0110,2110,pi05_lerobot,/share/data/ripl/tianchong/projects/Eval_Policies_CoRL/checkpoints/pi05-libero-finetuned,/share/data/ripl/tianchong/projects/Eval_Policies_CoRL/artifacts/libero/init_state_layer2_4suite_2500_seed20260519,1,77,,12.981
libero_goal,4,put_the_bowl_on_top_of_the_cabinet,put the bowl on top of the cabinet,111,libero_goal/put_the_bowl_on_top_of_the_cabinet/0111,2111,pi05_lerobot,/share/data/ripl/tianchong/projects/Eval_Policies_CoRL/checkpoints/pi05-libero-finetuned,/share/data/ripl/tianchong/projects/Eval_Policies_CoRL/artifacts/libero/init_state_layer2_4suite_2500_seed20260519,1,86,,13.968
libero_goal,4,put_the_bowl_on_top_of_the_cabinet,put the bowl on top of the cabinet,112,libero_goal/put_the_bowl_on_top_of_the_cabinet/0112,2112,pi05_lerobot,/share/data/ripl/tianchong/projects/Eval_Policies_CoRL/checkpoints/pi05-libero-finetuned,/share/data/ripl/tianchong/projects/Eval_Policies_CoRL/artifacts/libero/init_state_layer2_4suite_2500_seed20260519,1,79,,12.932
libero_goal,4,put_the_bowl_on_top_of_the_cabinet,put the bowl on top of the cabinet,113,libero_goal/put_the_bowl_on_top_of_the_cabinet/0113,2113,pi05_lerobot,/share/data/ripl/tianchong/projects/Eval_Policies_CoRL/checkpoints/pi05-libero-finetuned,/share/data/ripl/tianchong/projects/Eval_Policies_CoRL/artifacts/libero/init_state_layer2_4suite_2500_seed20260519,1,87,,14.096
libero_goal,4,put_the_bowl_on_top_of_the_cabinet,put the bowl on top of the cabinet,114,libero_goal/put_the_bowl_on_top_of_the_cabinet/0114,2114,pi05_lerobot,/share/data/ripl/tianchong/projects/Eval_Policies_CoRL/checkpoints/pi05-libero-finetuned,/share/data/ripl/tianchong/projects/Eval_Policies_CoRL/artifacts/libero/init_state_layer2_4suite_2500_seed20260519,1,74,,12.949
libero_goal,4,put_the_bowl_on_top_of_the_cabinet,put the bowl on top of the cabinet,115,libero_goal/put_the_bowl_on_top_of_the_cabinet/0115,2115,pi05_lerobot,/share/data/ripl/tianchong/projects/Eval_Policies_CoRL/checkpoints/pi05-libero-finetuned,/share/data/ripl/tianchong/projects/Eval_Policies_CoRL/artifacts/libero/init_state_layer2_4suite_2500_seed20260519,1,81,,15.358
libero_goal,4,put_the_bowl_on_top_of_the_cabinet,put the bowl on top of the cabinet,116,libero_goal/put_the_bowl_on_top_of_the_cabinet/0116,2116,pi05_lerobot,/share/data/ripl/tianchong/projects/Eval_Policies_CoRL/checkpoints/pi05-libero-finetuned,/share/data/ripl/tianchong/projects/Eval_Policies_CoRL/artifacts/libero/init_state_layer2_4suite_2500_seed20260519,1,82,,16.215
libero_goal,4,put_the_bowl_on_top_of_the_cabinet,put the bowl on top of the cabinet,117,libero_goal/put_the_bowl_on_top_of_the_cabinet/0117,2117,pi05_lerobot,/share/data/ripl/tianchong/projects/Eval_Policies_CoRL/checkpoints/pi05-libero-finetuned,/share/data/ripl/tianchong/projects/Eval_Policies_CoRL/artifacts/libero/init_state_layer2_4suite_2500_seed20260519,1,83,,14.877
libero_goal,4,put_the_bowl_on_top_of_the_cabinet,put the bowl on top of the cabinet,118,libero_goal/put_the_bowl_on_top_of_the_cabinet/0118,2118,pi05_lerobot,/share/data/ripl/tianchong/projects/Eval_Policies_CoRL/checkpoints/pi05-libero-finetuned,/share/data/ripl/tianchong/projects/Eval_Policies_CoRL/artifacts/libero/init_state_layer2_4suite_2500_seed20260519,1,80,,13.318
libero_goal,4,put_the_bowl_on_top_of_the_cabinet,put the bowl on top of the cabinet,119,libero_goal/put_the_bowl_on_top_of_the_cabinet/0119,2119,pi05_lerobot,/share/data/ripl/tianchong/projects/Eval_Policies_CoRL/checkpoints/pi05-libero-finetuned,/share/data/ripl/tianchong/projects/Eval_Policies_CoRL/artifacts/libero/init_state_layer2_4suite_2500_seed20260519,1,83,,14.169
libero_goal,4,put_the_bowl_on_top_of_the_cabinet,put the bowl on top of the cabinet,120,libero_goal/put_the_bowl_on_top_of_the_cabinet/0120,2120,pi05_lerobot,/share/data/ripl/tianchong/projects/Eval_Policies_CoRL/checkpoints/pi05-libero-finetuned,/share/data/ripl/tianchong/projects/Eval_Policies_CoRL/artifacts/libero/init_state_layer2_4suite_2500_seed20260519,1,84,,14.395
libero_goal,4,put_the_bowl_on_top_of_the_cabinet,put the bowl on top of the cabinet,121,libero_goal/put_the_bowl_on_top_of_the_cabinet/0121,2121,pi05_lerobot,/share/data/ripl/tianchong/projects/Eval_Policies_CoRL/checkpoints/pi05-libero-finetuned,/share/data/ripl/tianchong/projects/Eval_Policies_CoRL/artifacts/libero/init_state_layer2_4suite_2500_seed20260519,1,77,,14.656
libero_goal,4,put_the_bowl_on_top_of_the_cabinet,put the bowl on top of the cabinet,122,libero_goal/put_the_bowl_on_top_of_the_cabinet/0122,2122,pi05_lerobot,/share/data/ripl/tianchong/projects/Eval_Policies_CoRL/checkpoints/pi05-libero-finetuned,/share/data/ripl/tianchong/projects/Eval_Policies_CoRL/artifacts/libero/init_state_layer2_4suite_2500_seed20260519,1,80,,14.292
libero_goal,4,put_the_bowl_on_top_of_the_cabinet,put the bowl on top of the cabinet,123,libero_goal/put_the_bowl_on_top_of_the_cabinet/0123,2123,pi05_lerobot,/share/data/ripl/tianchong/projects/Eval_Policies_CoRL/checkpoints/pi05-libero-finetuned,/share/data/ripl/tianchong/projects/Eval_Policies_CoRL/artifacts/libero/init_state_layer2_4suite_2500_seed20260519,1,88,,15.487
libero_goal,4,put_the_bowl_on_top_of_the_cabinet,put the bowl on top of the cabinet,124,libero_goal/put_the_bowl_on_top_of_the_cabinet/0124,2124,pi05_lerobot,/share/data/ripl/tianchong/projects/Eval_Policies_CoRL/checkpoints/pi05-libero-finetuned,/share/data/ripl/tianchong/projects/Eval_Policies_CoRL/artifacts/libero/init_state_layer2_4suite_2500_seed20260519,1,118,,18.688
libero_goal,4,put_the_bowl_on_top_of_the_cabinet,put the bowl on top of the cabinet,125,libero_goal/put_the_bowl_on_top_of_the_cabinet/0125,2125,pi05_lerobot,/share/data/ripl/tianchong/projects/Eval_Policies_CoRL/checkpoints/pi05-libero-finetuned,/share/data/ripl/tianchong/projects/Eval_Policies_CoRL/artifacts/libero/init_state_layer2_4suite_2500_seed20260519,1,87,,16.178
libero_goal,4,put_the_bowl_on_top_of_the_cabinet,put the bowl on top of the cabinet,126,libero_goal/put_the_bowl_on_top_of_the_cabinet/0126,2126,pi05_lerobot,/share/data/ripl/tianchong/projects/Eval_Policies_CoRL/checkpoints/pi05-libero-finetuned,/share/data/ripl/tianchong/projects/Eval_Policies_CoRL/artifacts/libero/init_state_layer2_4suite_2500_seed20260519,1,87,,15.219
libero_goal,4,put_the_bowl_on_top_of_the_cabinet,put the bowl on top of the cabinet,127,libero_goal/put_the_bowl_on_top_of_the_cabinet/0127,2127,pi05_lerobot,/share/data/ripl/tianchong/projects/Eval_Policies_CoRL/checkpoints/pi05-libero-finetuned,/share/data/ripl/tianchong/projects/Eval_Policies_CoRL/artifacts/libero/init_state_layer2_4suite_2500_seed20260519,1,80,,14.968
libero_goal,4,put_the_bowl_on_top_of_the_cabinet,put the bowl on top of the cabinet,128,libero_goal/put_the_bowl_on_top_of_the_cabinet/0128,2128,pi05_lerobot,/share/data/ripl/tianchong/projects/Eval_Policies_CoRL/checkpoints/pi05-libero-finetuned,/share/data/ripl/tianchong/projects/Eval_Policies_CoRL/artifacts/libero/init_state_layer2_4suite_2500_seed20260519,1,84,,14.949
libero_goal,4,put_the_bowl_on_top_of_the_cabinet,put the bowl on top of the cabinet,129,libero_goal/put_the_bowl_on_top_of_the_cabinet/0129,2129,pi05_lerobot,/share/data/ripl/tianchong/projects/Eval_Policies_CoRL/checkpoints/pi05-libero-finetuned,/share/data/ripl/tianchong/projects/Eval_Policies_CoRL/artifacts/libero/init_state_layer2_4suite_2500_seed20260519,1,73,,14.428
libero_goal,4,put_the_bowl_on_top_of_the_cabinet,put the bowl on top of the cabinet,130,libero_goal/put_the_bowl_on_top_of_the_cabinet/0130,2130,pi05_lerobot,/share/data/ripl/tianchong/projects/Eval_Policies_CoRL/checkpoints/pi05-libero-finetuned,/share/data/ripl/tianchong/projects/Eval_Policies_CoRL/artifacts/libero/init_state_layer2_4suite_2500_seed20260519,1,80,,14.322
libero_goal,4,put_the_bowl_on_top_of_the_cabinet,put the bowl on top of the cabinet,131,libero_goal/put_the_bowl_on_top_of_the_cabinet/0131,2131,pi05_lerobot,/share/data/ripl/tianchong/projects/Eval_Policies_CoRL/checkpoints/pi05-libero-finetuned,/share/data/ripl/tianchong/projects/Eval_Policies_CoRL/artifacts/libero/init_state_layer2_4suite_2500_seed20260519,1,79,,15.780
libero_goal,4,put_the_bowl_on_top_of_the_cabinet,put the bowl on top of the cabinet,132,libero_goal/put_the_bowl_on_top_of_the_cabinet/0132,2132,pi05_lerobot,/share/data/ripl/tianchong/projects/Eval_Policies_CoRL/checkpoints/pi05-libero-finetuned,/share/data/ripl/tianchong/projects/Eval_Policies_CoRL/artifacts/libero/init_state_layer2_4suite_2500_seed20260519,1,78,,16.249
libero_goal,4,put_the_bowl_on_top_of_the_cabinet,put the bowl on top of the cabinet,133,libero_goal/put_the_bowl_on_top_of_the_cabinet/0133,2133,pi05_lerobot,/share/data/ripl/tianchong/projects/Eval_Policies_CoRL/checkpoints/pi05-libero-finetuned,/share/data/ripl/tianchong/projects/Eval_Policies_CoRL/artifacts/libero/init_state_layer2_4suite_2500_seed20260519,1,84,,14.570
libero_goal,4,put_the_bowl_on_top_of_the_cabinet,put the bowl on top of the cabinet,134,libero_goal/put_the_bowl_on_top_of_the_cabinet/0134,2134,pi05_lerobot,/share/data/ripl/tianchong/projects/Eval_Policies_CoRL/checkpoints/pi05-libero-finetuned,/share/data/ripl/tianchong/projects/Eval_Policies_CoRL/artifacts/libero/init_state_layer2_4suite_2500_seed20260519,1,79,,14.304
libero_goal,4,put_the_bowl_on_top_of_the_cabinet,put the bowl on top of the cabinet,135,libero_goal/put_the_bowl_on_top_of_the_cabinet/0135,2135,pi05_lerobot,/share/data/ripl/tianchong/projects/Eval_Policies_CoRL/checkpoints/pi05-libero-finetuned,/share/data/ripl/tianchong/projects/Eval_Policies_CoRL/artifacts/libero/init_state_layer2_4suite_2500_seed20260519,1,78,,15.626
libero_goal,4,put_the_bowl_on_top_of_the_cabinet,put the bowl on top of the cabinet,136,libero_goal/put_the_bowl_on_top_of_the_cabinet/0136,2136,pi05_lerobot,/share/data/ripl/tianchong/projects/Eval_Policies_CoRL/checkpoints/pi05-libero-finetuned,/share/data/ripl/tianchong/projects/Eval_Policies_CoRL/artifacts/libero/init_state_layer2_4suite_2500_seed20260519,1,77,,14.306
libero_goal,4,put_the_bowl_on_top_of_the_cabinet,put the bowl on top of the cabinet,137,libero_goal/put_the_bowl_on_top_of_the_cabinet/0137,2137,pi05_lerobot,/share/data/ripl/tianchong/projects/Eval_Policies_CoRL/checkpoints/pi05-libero-finetuned,/share/data/ripl/tianchong/projects/Eval_Policies_CoRL/artifacts/libero/init_state_layer2_4suite_2500_seed20260519,1,79,,14.682
libero_goal,4,put_the_bowl_on_top_of_the_cabinet,put the bowl on top of the cabinet,138,libero_goal/put_the_bowl_on_top_of_the_cabinet/0138,2138,pi05_lerobot,/share/data/ripl/tianchong/projects/Eval_Policies_CoRL/checkpoints/pi05-libero-finetuned,/share/data/ripl/tianchong/projects/Eval_Policies_CoRL/artifacts/libero/init_state_layer2_4suite_2500_seed20260519,1,77,,14.251
libero_goal,4,put_the_bowl_on_top_of_the_cabinet,put the bowl on top of the cabinet,139,libero_goal/put_the_bowl_on_top_of_the_cabinet/0139,2139,pi05_lerobot,/share/data/ripl/tianchong/projects/Eval_Policies_CoRL/checkpoints/pi05-libero-finetuned,/share/data/ripl/tianchong/projects/Eval_Policies_CoRL/artifacts/libero/init_state_layer2_4suite_2500_seed20260519,1,79,,14.290
libero_goal,4,put_the_bowl_on_top_of_the_cabinet,put the bowl on top of the cabinet,140,libero_goal/put_the_bowl_on_top_of_the_cabinet/0140,2140,pi05_lerobot,/share/data/ripl/tianchong/projects/Eval_Policies_CoRL/checkpoints/pi05-libero-finetuned,/share/data/ripl/tianchong/projects/Eval_Policies_CoRL/artifacts/libero/init_state_layer2_4suite_2500_seed20260519,1,82,,14.630
libero_goal,4,put_the_bowl_on_top_of_the_cabinet,put the bowl on top of the cabinet,141,libero_goal/put_the_bowl_on_top_of_the_cabinet/0141,2141,pi05_lerobot,/share/data/ripl/tianchong/projects/Eval_Policies_CoRL/checkpoints/pi05-libero-finetuned,/share/data/ripl/tianchong/projects/Eval_Policies_CoRL/artifacts/libero/init_state_layer2_4suite_2500_seed20260519,1,81,,14.831
libero_goal,4,put_the_bowl_on_top_of_the_cabinet,put the bowl on top of the cabinet,142,libero_goal/put_the_bowl_on_top_of_the_cabinet/0142,2142,pi05_lerobot,/share/data/ripl/tianchong/projects/Eval_Policies_CoRL/checkpoints/pi05-libero-finetuned,/share/data/ripl/tianchong/projects/Eval_Policies_CoRL/artifacts/libero/init_state_layer2_4suite_2500_seed20260519,1,78,,15.468
libero_goal,4,put_the_bowl_on_top_of_the_cabinet,put the bowl on top of the cabinet,143,libero_goal/put_the_bowl_on_top_of_the_cabinet/0143,2143,pi05_lerobot,/share/data/ripl/tianchong/projects/Eval_Policies_CoRL/checkpoints/pi05-libero-finetuned,/share/data/ripl/tianchong/projects/Eval_Policies_CoRL/artifacts/libero/init_state_layer2_4suite_2500_seed20260519,1,77,,14.136
libero_goal,4,put_the_bowl_on_top_of_the_cabinet,put the bowl on top of the cabinet,144,libero_goal/put_the_bowl_on_top_of_the_cabinet/0144,2144,pi05_lerobot,/share/data/ripl/tianchong/projects/Eval_Policies_CoRL/checkpoints/pi05-libero-finetuned,/share/data/ripl/tianchong/projects/Eval_Policies_CoRL/artifacts/libero/init_state_layer2_4suite_2500_seed20260519,1,78,,14.215
libero_goal,4,put_the_bowl_on_top_of_the_cabinet,put the bowl on top of the cabinet,145,libero_goal/put_the_bowl_on_top_of_the_cabinet/0145,2145,pi05_lerobot,/share/data/ripl/tianchong/projects/Eval_Policies_CoRL/checkpoints/pi05-libero-finetuned,/share/data/ripl/tianchong/projects/Eval_Policies_CoRL/artifacts/libero/init_state_layer2_4suite_2500_seed20260519,1,79,,14.310
libero_goal,4,put_the_bowl_on_top_of_the_cabinet,put the bowl on top of the cabinet,146,libero_goal/put_the_bowl_on_top_of_the_cabinet/0146,2146,pi05_lerobot,/share/data/ripl/tianchong/projects/Eval_Policies_CoRL/checkpoints/pi05-libero-finetuned,/share/data/ripl/tianchong/projects/Eval_Policies_CoRL/artifacts/libero/init_state_layer2_4suite_2500_seed20260519,1,84,,15.450
libero_goal,4,put_the_bowl_on_top_of_the_cabinet,put the bowl on top of the cabinet,147,libero_goal/put_the_bowl_on_top_of_the_cabinet/0147,2147,pi05_lerobot,/share/data/ripl/tianchong/projects/Eval_Policies_CoRL/checkpoints/pi05-libero-finetuned,/share/data/ripl/tianchong/projects/Eval_Policies_CoRL/artifacts/libero/init_state_layer2_4suite_2500_seed20260519,1,82,,16.017
libero_goal,4,put_the_bowl_on_top_of_the_cabinet,put the bowl on top of the cabinet,148,libero_goal/put_the_bowl_on_top_of_the_cabinet/0148,2148,pi05_lerobot,/share/data/ripl/tianchong/projects/Eval_Policies_CoRL/checkpoints/pi05-libero-finetuned,/share/data/ripl/tianchong/projects/Eval_Policies_CoRL/artifacts/libero/init_state_layer2_4suite_2500_seed20260519,1,82,,14.823
libero_goal,4,put_the_bowl_on_top_of_the_cabinet,put the bowl on top of the cabinet,149,libero_goal/put_the_bowl_on_top_of_the_cabinet/0149,2149,pi05_lerobot,/share/data/ripl/tianchong/projects/Eval_Policies_CoRL/checkpoints/pi05-libero-finetuned,/share/data/ripl/tianchong/projects/Eval_Policies_CoRL/artifacts/libero/init_state_layer2_4suite_2500_seed20260519,1,80,,14.890
libero_goal,4,put_the_bowl_on_top_of_the_cabinet,put the bowl on top of the cabinet,150,libero_goal/put_the_bowl_on_top_of_the_cabinet/0150,2150,pi05_lerobot,/share/data/ripl/tianchong/projects/Eval_Policies_CoRL/checkpoints/pi05-libero-finetuned,/share/data/ripl/tianchong/projects/Eval_Policies_CoRL/artifacts/libero/init_state_layer2_4suite_2500_seed20260519,1,80,,16.669
libero_goal,4,put_the_bowl_on_top_of_the_cabinet,put the bowl on top of the cabinet,151,libero_goal/put_the_bowl_on_top_of_the_cabinet/0151,2151,pi05_lerobot,/share/data/ripl/tianchong/projects/Eval_Policies_CoRL/checkpoints/pi05-libero-finetuned,/share/data/ripl/tianchong/projects/Eval_Policies_CoRL/artifacts/libero/init_state_layer2_4suite_2500_seed20260519,0,300,,25.816
libero_goal,4,put_the_bowl_on_top_of_the_cabinet,put the bowl on top of the cabinet,152,libero_goal/put_the_bowl_on_top_of_the_cabinet/0152,2152,pi05_lerobot,/share/data/ripl/tianchong/projects/Eval_Policies_CoRL/checkpoints/pi05-libero-finetuned,/share/data/ripl/tianchong/projects/Eval_Policies_CoRL/artifacts/libero/init_state_layer2_4suite_2500_seed20260519,1,85,,16.217
libero_goal,4,put_the_bowl_on_top_of_the_cabinet,put the bowl on top of the cabinet,153,libero_goal/put_the_bowl_on_top_of_the_cabinet/0153,2153,pi05_lerobot,/share/data/ripl/tianchong/projects/Eval_Policies_CoRL/checkpoints/pi05-libero-finetuned,/share/data/ripl/tianchong/projects/Eval_Policies_CoRL/artifacts/libero/init_state_layer2_4suite_2500_seed20260519,1,86,,16.342
libero_goal,4,put_the_bowl_on_top_of_the_cabinet,put the bowl on top of the cabinet,154,libero_goal/put_the_bowl_on_top_of_the_cabinet/0154,2154,pi05_lerobot,/share/data/ripl/tianchong/projects/Eval_Policies_CoRL/checkpoints/pi05-libero-finetuned,/share/data/ripl/tianchong/projects/Eval_Policies_CoRL/artifacts/libero/init_state_layer2_4suite_2500_seed20260519,1,76,,15.474
libero_goal,4,put_the_bowl_on_top_of_the_cabinet,put the bowl on top of the cabinet,155,libero_goal/put_the_bowl_on_top_of_the_cabinet/0155,2155,pi05_lerobot,/share/data/ripl/tianchong/projects/Eval_Policies_CoRL/checkpoints/pi05-libero-finetuned,/share/data/ripl/tianchong/projects/Eval_Policies_CoRL/artifacts/libero/init_state_layer2_4suite_2500_seed20260519,1,82,,15.958
libero_goal,4,put_the_bowl_on_top_of_the_cabinet,put the bowl on top of the cabinet,156,libero_goal/put_the_bowl_on_top_of_the_cabinet/0156,2156,pi05_lerobot,/share/data/ripl/tianchong/projects/Eval_Policies_CoRL/checkpoints/pi05-libero-finetuned,/share/data/ripl/tianchong/projects/Eval_Policies_CoRL/artifacts/libero/init_state_layer2_4suite_2500_seed20260519,1,78,,16.310
libero_goal,4,put_the_bowl_on_top_of_the_cabinet,put the bowl on top of the cabinet,157,libero_goal/put_the_bowl_on_top_of_the_cabinet/0157,2157,pi05_lerobot,/share/data/ripl/tianchong/projects/Eval_Policies_CoRL/checkpoints/pi05-libero-finetuned,/share/data/ripl/tianchong/projects/Eval_Policies_CoRL/artifacts/libero/init_state_layer2_4suite_2500_seed20260519,1,75,,14.438
libero_goal,4,put_the_bowl_on_top_of_the_cabinet,put the bowl on top of the cabinet,158,libero_goal/put_the_bowl_on_top_of_the_cabinet/0158,2158,pi05_lerobot,/share/data/ripl/tianchong/projects/Eval_Policies_CoRL/checkpoints/pi05-libero-finetuned,/share/data/ripl/tianchong/projects/Eval_Policies_CoRL/artifacts/libero/init_state_layer2_4suite_2500_seed20260519,1,90,,14.939
libero_goal,4,put_the_bowl_on_top_of_the_cabinet,put the bowl on top of the cabinet,159,libero_goal/put_the_bowl_on_top_of_the_cabinet/0159,2159,pi05_lerobot,/share/data/ripl/tianchong/projects/Eval_Policies_CoRL/checkpoints/pi05-libero-finetuned,/share/data/ripl/tianchong/projects/Eval_Policies_CoRL/artifacts/libero/init_state_layer2_4suite_2500_seed20260519,1,80,,15.407
libero_goal,4,put_the_bowl_on_top_of_the_cabinet,put the bowl on top of the cabinet,160,libero_goal/put_the_bowl_on_top_of_the_cabinet/0160,2160,pi05_lerobot,/share/data/ripl/tianchong/projects/Eval_Policies_CoRL/checkpoints/pi05-libero-finetuned,/share/data/ripl/tianchong/projects/Eval_Policies_CoRL/artifacts/libero/init_state_layer2_4suite_2500_seed20260519,1,85,,14.425
libero_goal,4,put_the_bowl_on_top_of_the_cabinet,put the bowl on top of the cabinet,161,libero_goal/put_the_bowl_on_top_of_the_cabinet/0161,2161,pi05_lerobot,/share/data/ripl/tianchong/projects/Eval_Policies_CoRL/checkpoints/pi05-libero-finetuned,/share/data/ripl/tianchong/projects/Eval_Policies_CoRL/artifacts/libero/init_state_layer2_4suite_2500_seed20260519,1,83,,14.195
libero_goal,4,put_the_bowl_on_top_of_the_cabinet,put the bowl on top of the cabinet,162,libero_goal/put_the_bowl_on_top_of_the_cabinet/0162,2162,pi05_lerobot,/share/data/ripl/tianchong/projects/Eval_Policies_CoRL/checkpoints/pi05-libero-finetuned,/share/data/ripl/tianchong/projects/Eval_Policies_CoRL/artifacts/libero/init_state_layer2_4suite_2500_seed20260519,1,87,,14.769
libero_goal,4,put_the_bowl_on_top_of_the_cabinet,put the bowl on top of the cabinet,163,libero_goal/put_the_bowl_on_top_of_the_cabinet/0163,2163,pi05_lerobot,/share/data/ripl/tianchong/projects/Eval_Policies_CoRL/checkpoints/pi05-libero-finetuned,/share/data/ripl/tianchong/projects/Eval_Policies_CoRL/artifacts/libero/init_state_layer2_4suite_2500_seed20260519,1,81,,15.642
libero_goal,4,put_the_bowl_on_top_of_the_cabinet,put the bowl on top of the cabinet,164,libero_goal/put_the_bowl_on_top_of_the_cabinet/0164,2164,pi05_lerobot,/share/data/ripl/tianchong/projects/Eval_Policies_CoRL/checkpoints/pi05-libero-finetuned,/share/data/ripl/tianchong/projects/Eval_Policies_CoRL/artifacts/libero/init_state_layer2_4suite_2500_seed20260519,1,85,,17.921
libero_goal,4,put_the_bowl_on_top_of_the_cabinet,put the bowl on top of the cabinet,165,libero_goal/put_the_bowl_on_top_of_the_cabinet/0165,2165,pi05_lerobot,/share/data/ripl/tianchong/projects/Eval_Policies_CoRL/checkpoints/pi05-libero-finetuned,/share/data/ripl/tianchong/projects/Eval_Policies_CoRL/artifacts/libero/init_state_layer2_4suite_2500_seed20260519,1,79,,14.244
libero_goal,4,put_the_bowl_on_top_of_the_cabinet,put the bowl on top of the cabinet,166,libero_goal/put_the_bowl_on_top_of_the_cabinet/0166,2166,pi05_lerobot,/share/data/ripl/tianchong/projects/Eval_Policies_CoRL/checkpoints/pi05-libero-finetuned,/share/data/ripl/tianchong/projects/Eval_Policies_CoRL/artifacts/libero/init_state_layer2_4suite_2500_seed20260519,1,82,,14.782
libero_goal,4,put_the_bowl_on_top_of_the_cabinet,put the bowl on top of the cabinet,167,libero_goal/put_the_bowl_on_top_of_the_cabinet/0167,2167,pi05_lerobot,/share/data/ripl/tianchong/projects/Eval_Policies_CoRL/checkpoints/pi05-libero-finetuned,/share/data/ripl/tianchong/projects/Eval_Policies_CoRL/artifacts/libero/init_state_layer2_4suite_2500_seed20260519,1,80,,13.740
libero_goal,4,put_the_bowl_on_top_of_the_cabinet,put the bowl on top of the cabinet,168,libero_goal/put_the_bowl_on_top_of_the_cabinet/0168,2168,pi05_lerobot,/share/data/ripl/tianchong/projects/Eval_Policies_CoRL/checkpoints/pi05-libero-finetuned,/share/data/ripl/tianchong/projects/Eval_Policies_CoRL/artifacts/libero/init_state_layer2_4suite_2500_seed20260519,1,82,,15.027
libero_goal,4,put_the_bowl_on_top_of_the_cabinet,put the bowl on top of the cabinet,169,libero_goal/put_the_bowl_on_top_of_the_cabinet/0169,2169,pi05_lerobot,/share/data/ripl/tianchong/projects/Eval_Policies_CoRL/checkpoints/pi05-libero-finetuned,/share/data/ripl/tianchong/projects/Eval_Policies_CoRL/artifacts/libero/init_state_layer2_4suite_2500_seed20260519,1,81,,14.272
libero_goal,4,put_the_bowl_on_top_of_the_cabinet,put the bowl on top of the cabinet,170,libero_goal/put_the_bowl_on_top_of_the_cabinet/0170,2170,pi05_lerobot,/share/data/ripl/tianchong/projects/Eval_Policies_CoRL/checkpoints/pi05-libero-finetuned,/share/data/ripl/tianchong/projects/Eval_Policies_CoRL/artifacts/libero/init_state_layer2_4suite_2500_seed20260519,1,73,,13.685
libero_goal,4,put_the_bowl_on_top_of_the_cabinet,put the bowl on top of the cabinet,171,libero_goal/put_the_bowl_on_top_of_the_cabinet/0171,2171,pi05_lerobot,/share/data/ripl/tianchong/projects/Eval_Policies_CoRL/checkpoints/pi05-libero-finetuned,/share/data/ripl/tianchong/projects/Eval_Policies_CoRL/artifacts/libero/init_state_layer2_4suite_2500_seed20260519,1,82,,14.107
libero_goal,4,put_the_bowl_on_top_of_the_cabinet,put the bowl on top of the cabinet,172,libero_goal/put_the_bowl_on_top_of_the_cabinet/0172,2172,pi05_lerobot,/share/data/ripl/tianchong/projects/Eval_Policies_CoRL/checkpoints/pi05-libero-finetuned,/share/data/ripl/tianchong/projects/Eval_Policies_CoRL/artifacts/libero/init_state_layer2_4suite_2500_seed20260519,1,93,,15.834
libero_goal,4,put_the_bowl_on_top_of_the_cabinet,put the bowl on top of the cabinet,173,libero_goal/put_the_bowl_on_top_of_the_cabinet/0173,2173,pi05_lerobot,/share/data/ripl/tianchong/projects/Eval_Policies_CoRL/checkpoints/pi05-libero-finetuned,/share/data/ripl/tianchong/projects/Eval_Policies_CoRL/artifacts/libero/init_state_layer2_4suite_2500_seed20260519,1,77,,13.677
libero_goal,4,put_the_bowl_on_top_of_the_cabinet,put the bowl on top of the cabinet,174,libero_goal/put_the_bowl_on_top_of_the_cabinet/0174,2174,pi05_lerobot,/share/data/ripl/tianchong/projects/Eval_Policies_CoRL/checkpoints/pi05-libero-finetuned,/share/data/ripl/tianchong/projects/Eval_Policies_CoRL/artifacts/libero/init_state_layer2_4suite_2500_seed20260519,1,72,,14.069
libero_goal,4,put_the_bowl_on_top_of_the_cabinet,put the bowl on top of the cabinet,175,libero_goal/put_the_bowl_on_top_of_the_cabinet/0175,2175,pi05_lerobot,/share/data/ripl/tianchong/projects/Eval_Policies_CoRL/checkpoints/pi05-libero-finetuned,/share/data/ripl/tianchong/projects/Eval_Policies_CoRL/artifacts/libero/init_state_layer2_4suite_2500_seed20260519,0,300,,25.143
libero_goal,4,put_the_bowl_on_top_of_the_cabinet,put the bowl on top of the cabinet,176,libero_goal/put_the_bowl_on_top_of_the_cabinet/0176,2176,pi05_lerobot,/share/data/ripl/tianchong/projects/Eval_Policies_CoRL/checkpoints/pi05-libero-finetuned,/share/data/ripl/tianchong/projects/Eval_Policies_CoRL/artifacts/libero/init_state_layer2_4suite_2500_seed20260519,1,89,,14.846
libero_goal,4,put_the_bowl_on_top_of_the_cabinet,put the bowl on top of the cabinet,177,libero_goal/put_the_bowl_on_top_of_the_cabinet/0177,2177,pi05_lerobot,/share/data/ripl/tianchong/projects/Eval_Policies_CoRL/checkpoints/pi05-libero-finetuned,/share/data/ripl/tianchong/projects/Eval_Policies_CoRL/artifacts/libero/init_state_layer2_4suite_2500_seed20260519,0,300,,25.290
libero_goal,4,put_the_bowl_on_top_of_the_cabinet,put the bowl on top of the cabinet,178,libero_goal/put_the_bowl_on_top_of_the_cabinet/0178,2178,pi05_lerobot,/share/data/ripl/tianchong/projects/Eval_Policies_CoRL/checkpoints/pi05-libero-finetuned,/share/data/ripl/tianchong/projects/Eval_Policies_CoRL/artifacts/libero/init_state_layer2_4suite_2500_seed20260519,1,87,,15.226
libero_goal,4,put_the_bowl_on_top_of_the_cabinet,put the bowl on top of the cabinet,179,libero_goal/put_the_bowl_on_top_of_the_cabinet/0179,2179,pi05_lerobot,/share/data/ripl/tianchong/projects/Eval_Policies_CoRL/checkpoints/pi05-libero-finetuned,/share/data/ripl/tianchong/projects/Eval_Policies_CoRL/artifacts/libero/init_state_layer2_4suite_2500_seed20260519,1,82,,15.027
libero_goal,4,put_the_bowl_on_top_of_the_cabinet,put the bowl on top of the cabinet,180,libero_goal/put_the_bowl_on_top_of_the_cabinet/0180,2180,pi05_lerobot,/share/data/ripl/tianchong/projects/Eval_Policies_CoRL/checkpoints/pi05-libero-finetuned,/share/data/ripl/tianchong/projects/Eval_Policies_CoRL/artifacts/libero/init_state_layer2_4suite_2500_seed20260519,1,167,,20.563
libero_goal,4,put_the_bowl_on_top_of_the_cabinet,put the bowl on top of the cabinet,181,libero_goal/put_the_bowl_on_top_of_the_cabinet/0181,2181,pi05_lerobot,/share/data/ripl/tianchong/projects/Eval_Policies_CoRL/checkpoints/pi05-libero-finetuned,/share/data/ripl/tianchong/projects/Eval_Policies_CoRL/artifacts/libero/init_state_layer2_4suite_2500_seed20260519,1,80,,14.905
libero_goal,4,put_the_bowl_on_top_of_the_cabinet,put the bowl on top of the cabinet,182,libero_goal/put_the_bowl_on_top_of_the_cabinet/0182,2182,pi05_lerobot,/share/data/ripl/tianchong/projects/Eval_Policies_CoRL/checkpoints/pi05-libero-finetuned,/share/data/ripl/tianchong/projects/Eval_Policies_CoRL/artifacts/libero/init_state_layer2_4suite_2500_seed20260519,1,81,,15.169
libero_goal,4,put_the_bowl_on_top_of_the_cabinet,put the bowl on top of the cabinet,183,libero_goal/put_the_bowl_on_top_of_the_cabinet/0183,2183,pi05_lerobot,/share/data/ripl/tianchong/projects/Eval_Policies_CoRL/checkpoints/pi05-libero-finetuned,/share/data/ripl/tianchong/projects/Eval_Policies_CoRL/artifacts/libero/init_state_layer2_4suite_2500_seed20260519,1,78,,15.458
libero_goal,4,put_the_bowl_on_top_of_the_cabinet,put the bowl on top of the cabinet,184,libero_goal/put_the_bowl_on_top_of_the_cabinet/0184,2184,pi05_lerobot,/share/data/ripl/tianchong/projects/Eval_Policies_CoRL/checkpoints/pi05-libero-finetuned,/share/data/ripl/tianchong/projects/Eval_Policies_CoRL/artifacts/libero/init_state_layer2_4suite_2500_seed20260519,1,84,,14.959
libero_goal,4,put_the_bowl_on_top_of_the_cabinet,put the bowl on top of the cabinet,185,libero_goal/put_the_bowl_on_top_of_the_cabinet/0185,2185,pi05_lerobot,/share/data/ripl/tianchong/projects/Eval_Policies_CoRL/checkpoints/pi05-libero-finetuned,/share/data/ripl/tianchong/projects/Eval_Policies_CoRL/artifacts/libero/init_state_layer2_4suite_2500_seed20260519,1,83,,15.852
libero_goal,4,put_the_bowl_on_top_of_the_cabinet,put the bowl on top of the cabinet,186,libero_goal/put_the_bowl_on_top_of_the_cabinet/0186,2186,pi05_lerobot,/share/data/ripl/tianchong/projects/Eval_Policies_CoRL/checkpoints/pi05-libero-finetuned,/share/data/ripl/tianchong/projects/Eval_Policies_CoRL/artifacts/libero/init_state_layer2_4suite_2500_seed20260519,1,77,,14.445
libero_goal,4,put_the_bowl_on_top_of_the_cabinet,put the bowl on top of the cabinet,187,libero_goal/put_the_bowl_on_top_of_the_cabinet/0187,2187,pi05_lerobot,/share/data/ripl/tianchong/projects/Eval_Policies_CoRL/checkpoints/pi05-libero-finetuned,/share/data/ripl/tianchong/projects/Eval_Policies_CoRL/artifacts/libero/init_state_layer2_4suite_2500_seed20260519,1,78,,14.572
libero_goal,4,put_the_bowl_on_top_of_the_cabinet,put the bowl on top of the cabinet,188,libero_goal/put_the_bowl_on_top_of_the_cabinet/0188,2188,pi05_lerobot,/share/data/ripl/tianchong/projects/Eval_Policies_CoRL/checkpoints/pi05-libero-finetuned,/share/data/ripl/tianchong/projects/Eval_Policies_CoRL/artifacts/libero/init_state_layer2_4suite_2500_seed20260519,1,86,,16.201
libero_goal,4,put_the_bowl_on_top_of_the_cabinet,put the bowl on top of the cabinet,189,libero_goal/put_the_bowl_on_top_of_the_cabinet/0189,2189,pi05_lerobot,/share/data/ripl/tianchong/projects/Eval_Policies_CoRL/checkpoints/pi05-libero-finetuned,/share/data/ripl/tianchong/projects/Eval_Policies_CoRL/artifacts/libero/init_state_layer2_4suite_2500_seed20260519,1,87,,15.188
libero_goal,4,put_the_bowl_on_top_of_the_cabinet,put the bowl on top of the cabinet,190,libero_goal/put_the_bowl_on_top_of_the_cabinet/0190,2190,pi05_lerobot,/share/data/ripl/tianchong/projects/Eval_Policies_CoRL/checkpoints/pi05-libero-finetuned,/share/data/ripl/tianchong/projects/Eval_Policies_CoRL/artifacts/libero/init_state_layer2_4suite_2500_seed20260519,1,79,,14.917
libero_goal,4,put_the_bowl_on_top_of_the_cabinet,put the bowl on top of the cabinet,191,libero_goal/put_the_bowl_on_top_of_the_cabinet/0191,2191,pi05_lerobot,/share/data/ripl/tianchong/projects/Eval_Policies_CoRL/checkpoints/pi05-libero-finetuned,/share/data/ripl/tianchong/projects/Eval_Policies_CoRL/artifacts/libero/init_state_layer2_4suite_2500_seed20260519,1,78,,15.021
libero_goal,4,put_the_bowl_on_top_of_the_cabinet,put the bowl on top of the cabinet,192,libero_goal/put_the_bowl_on_top_of_the_cabinet/0192,2192,pi05_lerobot,/share/data/ripl/tianchong/projects/Eval_Policies_CoRL/checkpoints/pi05-libero-finetuned,/share/data/ripl/tianchong/projects/Eval_Policies_CoRL/artifacts/libero/init_state_layer2_4suite_2500_seed20260519,1,84,,15.461
libero_goal,4,put_the_bowl_on_top_of_the_cabinet,put the bowl on top of the cabinet,193,libero_goal/put_the_bowl_on_top_of_the_cabinet/0193,2193,pi05_lerobot,/share/data/ripl/tianchong/projects/Eval_Policies_CoRL/checkpoints/pi05-libero-finetuned,/share/data/ripl/tianchong/projects/Eval_Policies_CoRL/artifacts/libero/init_state_layer2_4suite_2500_seed20260519,1,86,,16.189
libero_goal,4,put_the_bowl_on_top_of_the_cabinet,put the bowl on top of the cabinet,194,libero_goal/put_the_bowl_on_top_of_the_cabinet/0194,2194,pi05_lerobot,/share/data/ripl/tianchong/projects/Eval_Policies_CoRL/checkpoints/pi05-libero-finetuned,/share/data/ripl/tianchong/projects/Eval_Policies_CoRL/artifacts/libero/init_state_layer2_4suite_2500_seed20260519,1,83,,15.989
libero_goal,4,put_the_bowl_on_top_of_the_cabinet,put the bowl on top of the cabinet,195,libero_goal/put_the_bowl_on_top_of_the_cabinet/0195,2195,pi05_lerobot,/share/data/ripl/tianchong/projects/Eval_Policies_CoRL/checkpoints/pi05-libero-finetuned,/share/data/ripl/tianchong/projects/Eval_Policies_CoRL/artifacts/libero/init_state_layer2_4suite_2500_seed20260519,1,79,,16.791
libero_goal,4,put_the_bowl_on_top_of_the_cabinet,put the bowl on top of the cabinet,196,libero_goal/put_the_bowl_on_top_of_the_cabinet/0196,2196,pi05_lerobot,/share/data/ripl/tianchong/projects/Eval_Policies_CoRL/checkpoints/pi05-libero-finetuned,/share/data/ripl/tianchong/projects/Eval_Policies_CoRL/artifacts/libero/init_state_layer2_4suite_2500_seed20260519,1,81,,16.986
libero_goal,4,put_the_bowl_on_top_of_the_cabinet,put the bowl on top of the cabinet,197,libero_goal/put_the_bowl_on_top_of_the_cabinet/0197,2197,pi05_lerobot,/share/data/ripl/tianchong/projects/Eval_Policies_CoRL/checkpoints/pi05-libero-finetuned,/share/data/ripl/tianchong/projects/Eval_Policies_CoRL/artifacts/libero/init_state_layer2_4suite_2500_seed20260519,1,80,,15.508
libero_goal,4,put_the_bowl_on_top_of_the_cabinet,put the bowl on top of the cabinet,198,libero_goal/put_the_bowl_on_top_of_the_cabinet/0198,2198,pi05_lerobot,/share/data/ripl/tianchong/projects/Eval_Policies_CoRL/checkpoints/pi05-libero-finetuned,/share/data/ripl/tianchong/projects/Eval_Policies_CoRL/artifacts/libero/init_state_layer2_4suite_2500_seed20260519,1,84,,16.162
libero_goal,4,put_the_bowl_on_top_of_the_cabinet,put the bowl on top of the cabinet,199,libero_goal/put_the_bowl_on_top_of_the_cabinet/0199,2199,pi05_lerobot,/share/data/ripl/tianchong/projects/Eval_Policies_CoRL/checkpoints/pi05-libero-finetuned,/share/data/ripl/tianchong/projects/Eval_Policies_CoRL/artifacts/libero/init_state_layer2_4suite_2500_seed20260519,1,83,,16.658
libero_goal,4,put_the_bowl_on_top_of_the_cabinet,put the bowl on top of the cabinet,200,libero_goal/put_the_bowl_on_top_of_the_cabinet/0200,2200,pi05_lerobot,/share/data/ripl/tianchong/projects/Eval_Policies_CoRL/checkpoints/pi05-libero-finetuned,/share/data/ripl/tianchong/projects/Eval_Policies_CoRL/artifacts/libero/init_state_layer2_4suite_2500_seed20260519,1,80,,15.120
libero_goal,4,put_the_bowl_on_top_of_the_cabinet,put the bowl on top of the cabinet,201,libero_goal/put_the_bowl_on_top_of_the_cabinet/0201,2201,pi05_lerobot,/share/data/ripl/tianchong/projects/Eval_Policies_CoRL/checkpoints/pi05-libero-finetuned,/share/data/ripl/tianchong/projects/Eval_Policies_CoRL/artifacts/libero/init_state_layer2_4suite_2500_seed20260519,1,113,,18.032
libero_goal,4,put_the_bowl_on_top_of_the_cabinet,put the bowl on top of the cabinet,202,libero_goal/put_the_bowl_on_top_of_the_cabinet/0202,2202,pi05_lerobot,/share/data/ripl/tianchong/projects/Eval_Policies_CoRL/checkpoints/pi05-libero-finetuned,/share/data/ripl/tianchong/projects/Eval_Policies_CoRL/artifacts/libero/init_state_layer2_4suite_2500_seed20260519,1,84,,15.568
libero_goal,4,put_the_bowl_on_top_of_the_cabinet,put the bowl on top of the cabinet,203,libero_goal/put_the_bowl_on_top_of_the_cabinet/0203,2203,pi05_lerobot,/share/data/ripl/tianchong/projects/Eval_Policies_CoRL/checkpoints/pi05-libero-finetuned,/share/data/ripl/tianchong/projects/Eval_Policies_CoRL/artifacts/libero/init_state_layer2_4suite_2500_seed20260519,1,87,,15.561
libero_goal,4,put_the_bowl_on_top_of_the_cabinet,put the bowl on top of the cabinet,204,libero_goal/put_the_bowl_on_top_of_the_cabinet/0204,2204,pi05_lerobot,/share/data/ripl/tianchong/projects/Eval_Policies_CoRL/checkpoints/pi05-libero-finetuned,/share/data/ripl/tianchong/projects/Eval_Policies_CoRL/artifacts/libero/init_state_layer2_4suite_2500_seed20260519,1,78,,14.479
libero_goal,4,put_the_bowl_on_top_of_the_cabinet,put the bowl on top of the cabinet,205,libero_goal/put_the_bowl_on_top_of_the_cabinet/0205,2205,pi05_lerobot,/share/data/ripl/tianchong/projects/Eval_Policies_CoRL/checkpoints/pi05-libero-finetuned,/share/data/ripl/tianchong/projects/Eval_Policies_CoRL/artifacts/libero/init_state_layer2_4suite_2500_seed20260519,1,84,,15.184
libero_goal,4,put_the_bowl_on_top_of_the_cabinet,put the bowl on top of the cabinet,206,libero_goal/put_the_bowl_on_top_of_the_cabinet/0206,2206,pi05_lerobot,/share/data/ripl/tianchong/projects/Eval_Policies_CoRL/checkpoints/pi05-libero-finetuned,/share/data/ripl/tianchong/projects/Eval_Policies_CoRL/artifacts/libero/init_state_layer2_4suite_2500_seed20260519,1,80,,15.619
libero_goal,4,put_the_bowl_on_top_of_the_cabinet,put the bowl on top of the cabinet,207,libero_goal/put_the_bowl_on_top_of_the_cabinet/0207,2207,pi05_lerobot,/share/data/ripl/tianchong/projects/Eval_Policies_CoRL/checkpoints/pi05-libero-finetuned,/share/data/ripl/tianchong/projects/Eval_Policies_CoRL/artifacts/libero/init_state_layer2_4suite_2500_seed20260519,1,77,,14.361
libero_goal,4,put_the_bowl_on_top_of_the_cabinet,put the bowl on top of the cabinet,208,libero_goal/put_the_bowl_on_top_of_the_cabinet/0208,2208,pi05_lerobot,/share/data/ripl/tianchong/projects/Eval_Policies_CoRL/checkpoints/pi05-libero-finetuned,/share/data/ripl/tianchong/projects/Eval_Policies_CoRL/artifacts/libero/init_state_layer2_4suite_2500_seed20260519,1,77,,15.255
libero_goal,4,put_the_bowl_on_top_of_the_cabinet,put the bowl on top of the cabinet,209,libero_goal/put_the_bowl_on_top_of_the_cabinet/0209,2209,pi05_lerobot,/share/data/ripl/tianchong/projects/Eval_Policies_CoRL/checkpoints/pi05-libero-finetuned,/share/data/ripl/tianchong/projects/Eval_Policies_CoRL/artifacts/libero/init_state_layer2_4suite_2500_seed20260519,1,83,,15.463
libero_goal,4,put_the_bowl_on_top_of_the_cabinet,put the bowl on top of the cabinet,210,libero_goal/put_the_bowl_on_top_of_the_cabinet/0210,2210,pi05_lerobot,/share/data/ripl/tianchong/projects/Eval_Policies_CoRL/checkpoints/pi05-libero-finetuned,/share/data/ripl/tianchong/projects/Eval_Policies_CoRL/artifacts/libero/init_state_layer2_4suite_2500_seed20260519,1,81,,15.182
libero_goal,4,put_the_bowl_on_top_of_the_cabinet,put the bowl on top of the cabinet,211,libero_goal/put_the_bowl_on_top_of_the_cabinet/0211,2211,pi05_lerobot,/share/data/ripl/tianchong/projects/Eval_Policies_CoRL/checkpoints/pi05-libero-finetuned,/share/data/ripl/tianchong/projects/Eval_Policies_CoRL/artifacts/libero/init_state_layer2_4suite_2500_seed20260519,1,90,,15.274
libero_goal,4,put_the_bowl_on_top_of_the_cabinet,put the bowl on top of the cabinet,212,libero_goal/put_the_bowl_on_top_of_the_cabinet/0212,2212,pi05_lerobot,/share/data/ripl/tianchong/projects/Eval_Policies_CoRL/checkpoints/pi05-libero-finetuned,/share/data/ripl/tianchong/projects/Eval_Policies_CoRL/artifacts/libero/init_state_layer2_4suite_2500_seed20260519,1,83,,15.892
libero_goal,4,put_the_bowl_on_top_of_the_cabinet,put the bowl on top of the cabinet,213,libero_goal/put_the_bowl_on_top_of_the_cabinet/0213,2213,pi05_lerobot,/share/data/ripl/tianchong/projects/Eval_Policies_CoRL/checkpoints/pi05-libero-finetuned,/share/data/ripl/tianchong/projects/Eval_Policies_CoRL/artifacts/libero/init_state_layer2_4suite_2500_seed20260519,1,75,,15.434
libero_goal,4,put_the_bowl_on_top_of_the_cabinet,put the bowl on top of the cabinet,214,libero_goal/put_the_bowl_on_top_of_the_cabinet/0214,2214,pi05_lerobot,/share/data/ripl/tianchong/projects/Eval_Policies_CoRL/checkpoints/pi05-libero-finetuned,/share/data/ripl/tianchong/projects/Eval_Policies_CoRL/artifacts/libero/init_state_layer2_4suite_2500_seed20260519,1,82,,15.723
libero_goal,4,put_the_bowl_on_top_of_the_cabinet,put the bowl on top of the cabinet,215,libero_goal/put_the_bowl_on_top_of_the_cabinet/0215,2215,pi05_lerobot,/share/data/ripl/tianchong/projects/Eval_Policies_CoRL/checkpoints/pi05-libero-finetuned,/share/data/ripl/tianchong/projects/Eval_Policies_CoRL/artifacts/libero/init_state_layer2_4suite_2500_seed20260519,1,86,,15.972
libero_goal,4,put_the_bowl_on_top_of_the_cabinet,put the bowl on top of the cabinet,216,libero_goal/put_the_bowl_on_top_of_the_cabinet/0216,2216,pi05_lerobot,/share/data/ripl/tianchong/projects/Eval_Policies_CoRL/checkpoints/pi05-libero-finetuned,/share/data/ripl/tianchong/projects/Eval_Policies_CoRL/artifacts/libero/init_state_layer2_4suite_2500_seed20260519,1,80,,15.616
libero_goal,4,put_the_bowl_on_top_of_the_cabinet,put the bowl on top of the cabinet,217,libero_goal/put_the_bowl_on_top_of_the_cabinet/0217,2217,pi05_lerobot,/share/data/ripl/tianchong/projects/Eval_Policies_CoRL/checkpoints/pi05-libero-finetuned,/share/data/ripl/tianchong/projects/Eval_Policies_CoRL/artifacts/libero/init_state_layer2_4suite_2500_seed20260519,1,78,,15.976
libero_goal,4,put_the_bowl_on_top_of_the_cabinet,put the bowl on top of the cabinet,218,libero_goal/put_the_bowl_on_top_of_the_cabinet/0218,2218,pi05_lerobot,/share/data/ripl/tianchong/projects/Eval_Policies_CoRL/checkpoints/pi05-libero-finetuned,/share/data/ripl/tianchong/projects/Eval_Policies_CoRL/artifacts/libero/init_state_layer2_4suite_2500_seed20260519,1,76,,16.800
libero_goal,4,put_the_bowl_on_top_of_the_cabinet,put the bowl on top of the cabinet,219,libero_goal/put_the_bowl_on_top_of_the_cabinet/0219,2219,pi05_lerobot,/share/data/ripl/tianchong/projects/Eval_Policies_CoRL/checkpoints/pi05-libero-finetuned,/share/data/ripl/tianchong/projects/Eval_Policies_CoRL/artifacts/libero/init_state_layer2_4suite_2500_seed20260519,1,78,,15.054
libero_goal,4,put_the_bowl_on_top_of_the_cabinet,put the bowl on top of the cabinet,220,libero_goal/put_the_bowl_on_top_of_the_cabinet/0220,2220,pi05_lerobot,/share/data/ripl/tianchong/projects/Eval_Policies_CoRL/checkpoints/pi05-libero-finetuned,/share/data/ripl/tianchong/projects/Eval_Policies_CoRL/artifacts/libero/init_state_layer2_4suite_2500_seed20260519,1,76,,16.553
libero_goal,4,put_the_bowl_on_top_of_the_cabinet,put the bowl on top of the cabinet,221,libero_goal/put_the_bowl_on_top_of_the_cabinet/0221,2221,pi05_lerobot,/share/data/ripl/tianchong/projects/Eval_Policies_CoRL/checkpoints/pi05-libero-finetuned,/share/data/ripl/tianchong/projects/Eval_Policies_CoRL/artifacts/libero/init_state_layer2_4suite_2500_seed20260519,1,79,,15.998
libero_goal,4,put_the_bowl_on_top_of_the_cabinet,put the bowl on top of the cabinet,222,libero_goal/put_the_bowl_on_top_of_the_cabinet/0222,2222,pi05_lerobot,/share/data/ripl/tianchong/projects/Eval_Policies_CoRL/checkpoints/pi05-libero-finetuned,/share/data/ripl/tianchong/projects/Eval_Policies_CoRL/artifacts/libero/init_state_layer2_4suite_2500_seed20260519,1,85,,15.909
libero_goal,4,put_the_bowl_on_top_of_the_cabinet,put the bowl on top of the cabinet,223,libero_goal/put_the_bowl_on_top_of_the_cabinet/0223,2223,pi05_lerobot,/share/data/ripl/tianchong/projects/Eval_Policies_CoRL/checkpoints/pi05-libero-finetuned,/share/data/ripl/tianchong/projects/Eval_Policies_CoRL/artifacts/libero/init_state_layer2_4suite_2500_seed20260519,1,83,,15.960
libero_goal,4,put_the_bowl_on_top_of_the_cabinet,put the bowl on top of the cabinet,224,libero_goal/put_the_bowl_on_top_of_the_cabinet/0224,2224,pi05_lerobot,/share/data/ripl/tianchong/projects/Eval_Policies_CoRL/checkpoints/pi05-libero-finetuned,/share/data/ripl/tianchong/projects/Eval_Policies_CoRL/artifacts/libero/init_state_layer2_4suite_2500_seed20260519,1,80,,15.540
libero_goal,4,put_the_bowl_on_top_of_the_cabinet,put the bowl on top of the cabinet,225,libero_goal/put_the_bowl_on_top_of_the_cabinet/0225,2225,pi05_lerobot,/share/data/ripl/tianchong/projects/Eval_Policies_CoRL/checkpoints/pi05-libero-finetuned,/share/data/ripl/tianchong/projects/Eval_Policies_CoRL/artifacts/libero/init_state_layer2_4suite_2500_seed20260519,1,86,,16.691
libero_goal,4,put_the_bowl_on_top_of_the_cabinet,put the bowl on top of the cabinet,226,libero_goal/put_the_bowl_on_top_of_the_cabinet/0226,2226,pi05_lerobot,/share/data/ripl/tianchong/projects/Eval_Policies_CoRL/checkpoints/pi05-libero-finetuned,/share/data/ripl/tianchong/projects/Eval_Policies_CoRL/artifacts/libero/init_state_layer2_4suite_2500_seed20260519,1,77,,15.567
libero_goal,4,put_the_bowl_on_top_of_the_cabinet,put the bowl on top of the cabinet,227,libero_goal/put_the_bowl_on_top_of_the_cabinet/0227,2227,pi05_lerobot,/share/data/ripl/tianchong/projects/Eval_Policies_CoRL/checkpoints/pi05-libero-finetuned,/share/data/ripl/tianchong/projects/Eval_Policies_CoRL/artifacts/libero/init_state_layer2_4suite_2500_seed20260519,1,77,,14.711
libero_goal,4,put_the_bowl_on_top_of_the_cabinet,put the bowl on top of the cabinet,228,libero_goal/put_the_bowl_on_top_of_the_cabinet/0228,2228,pi05_lerobot,/share/data/ripl/tianchong/projects/Eval_Policies_CoRL/checkpoints/pi05-libero-finetuned,/share/data/ripl/tianchong/projects/Eval_Policies_CoRL/artifacts/libero/init_state_layer2_4suite_2500_seed20260519,1,80,,14.947
libero_goal,4,put_the_bowl_on_top_of_the_cabinet,put the bowl on top of the cabinet,229,libero_goal/put_the_bowl_on_top_of_the_cabinet/0229,2229,pi05_lerobot,/share/data/ripl/tianchong/projects/Eval_Policies_CoRL/checkpoints/pi05-libero-finetuned,/share/data/ripl/tianchong/projects/Eval_Policies_CoRL/artifacts/libero/init_state_layer2_4suite_2500_seed20260519,1,133,,18.735
libero_goal,4,put_the_bowl_on_top_of_the_cabinet,put the bowl on top of the cabinet,230,libero_goal/put_the_bowl_on_top_of_the_cabinet/0230,2230,pi05_lerobot,/share/data/ripl/tianchong/projects/Eval_Policies_CoRL/checkpoints/pi05-libero-finetuned,/share/data/ripl/tianchong/projects/Eval_Policies_CoRL/artifacts/libero/init_state_layer2_4suite_2500_seed20260519,1,87,,15.484
libero_goal,4,put_the_bowl_on_top_of_the_cabinet,put the bowl on top of the cabinet,231,libero_goal/put_the_bowl_on_top_of_the_cabinet/0231,2231,pi05_lerobot,/share/data/ripl/tianchong/projects/Eval_Policies_CoRL/checkpoints/pi05-libero-finetuned,/share/data/ripl/tianchong/projects/Eval_Policies_CoRL/artifacts/libero/init_state_layer2_4suite_2500_seed20260519,1,82,,15.992
libero_goal,4,put_the_bowl_on_top_of_the_cabinet,put the bowl on top of the cabinet,232,libero_goal/put_the_bowl_on_top_of_the_cabinet/0232,2232,pi05_lerobot,/share/data/ripl/tianchong/projects/Eval_Policies_CoRL/checkpoints/pi05-libero-finetuned,/share/data/ripl/tianchong/projects/Eval_Policies_CoRL/artifacts/libero/init_state_layer2_4suite_2500_seed20260519,1,83,,16.445
libero_goal,4,put_the_bowl_on_top_of_the_cabinet,put the bowl on top of the cabinet,233,libero_goal/put_the_bowl_on_top_of_the_cabinet/0233,2233,pi05_lerobot,/share/data/ripl/tianchong/projects/Eval_Policies_CoRL/checkpoints/pi05-libero-finetuned,/share/data/ripl/tianchong/projects/Eval_Policies_CoRL/artifacts/libero/init_state_layer2_4suite_2500_seed20260519,1,83,,15.370
libero_goal,4,put_the_bowl_on_top_of_the_cabinet,put the bowl on top of the cabinet,234,libero_goal/put_the_bowl_on_top_of_the_cabinet/0234,2234,pi05_lerobot,/share/data/ripl/tianchong/projects/Eval_Policies_CoRL/checkpoints/pi05-libero-finetuned,/share/data/ripl/tianchong/projects/Eval_Policies_CoRL/artifacts/libero/init_state_layer2_4suite_2500_seed20260519,1,71,,14.674
libero_goal,4,put_the_bowl_on_top_of_the_cabinet,put the bowl on top of the cabinet,235,libero_goal/put_the_bowl_on_top_of_the_cabinet/0235,2235,pi05_lerobot,/share/data/ripl/tianchong/projects/Eval_Policies_CoRL/checkpoints/pi05-libero-finetuned,/share/data/ripl/tianchong/projects/Eval_Policies_CoRL/artifacts/libero/init_state_layer2_4suite_2500_seed20260519,1,77,,14.733
libero_goal,4,put_the_bowl_on_top_of_the_cabinet,put the bowl on top of the cabinet,236,libero_goal/put_the_bowl_on_top_of_the_cabinet/0236,2236,pi05_lerobot,/share/data/ripl/tianchong/projects/Eval_Policies_CoRL/checkpoints/pi05-libero-finetuned,/share/data/ripl/tianchong/projects/Eval_Policies_CoRL/artifacts/libero/init_state_layer2_4suite_2500_seed20260519,1,84,,15.180
libero_goal,4,put_the_bowl_on_top_of_the_cabinet,put the bowl on top of the cabinet,237,libero_goal/put_the_bowl_on_top_of_the_cabinet/0237,2237,pi05_lerobot,/share/data/ripl/tianchong/projects/Eval_Policies_CoRL/checkpoints/pi05-libero-finetuned,/share/data/ripl/tianchong/projects/Eval_Policies_CoRL/artifacts/libero/init_state_layer2_4suite_2500_seed20260519,1,76,,14.567
libero_goal,4,put_the_bowl_on_top_of_the_cabinet,put the bowl on top of the cabinet,238,libero_goal/put_the_bowl_on_top_of_the_cabinet/0238,2238,pi05_lerobot,/share/data/ripl/tianchong/projects/Eval_Policies_CoRL/checkpoints/pi05-libero-finetuned,/share/data/ripl/tianchong/projects/Eval_Policies_CoRL/artifacts/libero/init_state_layer2_4suite_2500_seed20260519,1,73,,14.385
libero_goal,4,put_the_bowl_on_top_of_the_cabinet,put the bowl on top of the cabinet,239,libero_goal/put_the_bowl_on_top_of_the_cabinet/0239,2239,pi05_lerobot,/share/data/ripl/tianchong/projects/Eval_Policies_CoRL/checkpoints/pi05-libero-finetuned,/share/data/ripl/tianchong/projects/Eval_Policies_CoRL/artifacts/libero/init_state_layer2_4suite_2500_seed20260519,1,79,,14.555
libero_goal,4,put_the_bowl_on_top_of_the_cabinet,put the bowl on top of the cabinet,240,libero_goal/put_the_bowl_on_top_of_the_cabinet/0240,2240,pi05_lerobot,/share/data/ripl/tianchong/projects/Eval_Policies_CoRL/checkpoints/pi05-libero-finetuned,/share/data/ripl/tianchong/projects/Eval_Policies_CoRL/artifacts/libero/init_state_layer2_4suite_2500_seed20260519,1,83,,16.811
libero_goal,4,put_the_bowl_on_top_of_the_cabinet,put the bowl on top of the cabinet,241,libero_goal/put_the_bowl_on_top_of_the_cabinet/0241,2241,pi05_lerobot,/share/data/ripl/tianchong/projects/Eval_Policies_CoRL/checkpoints/pi05-libero-finetuned,/share/data/ripl/tianchong/projects/Eval_Policies_CoRL/artifacts/libero/init_state_layer2_4suite_2500_seed20260519,1,83,,15.646
libero_goal,4,put_the_bowl_on_top_of_the_cabinet,put the bowl on top of the cabinet,242,libero_goal/put_the_bowl_on_top_of_the_cabinet/0242,2242,pi05_lerobot,/share/data/ripl/tianchong/projects/Eval_Policies_CoRL/checkpoints/pi05-libero-finetuned,/share/data/ripl/tianchong/projects/Eval_Policies_CoRL/artifacts/libero/init_state_layer2_4suite_2500_seed20260519,1,73,,15.020
libero_goal,4,put_the_bowl_on_top_of_the_cabinet,put the bowl on top of the cabinet,243,libero_goal/put_the_bowl_on_top_of_the_cabinet/0243,2243,pi05_lerobot,/share/data/ripl/tianchong/projects/Eval_Policies_CoRL/checkpoints/pi05-libero-finetuned,/share/data/ripl/tianchong/projects/Eval_Policies_CoRL/artifacts/libero/init_state_layer2_4suite_2500_seed20260519,1,86,,16.984
libero_goal,4,put_the_bowl_on_top_of_the_cabinet,put the bowl on top of the cabinet,244,libero_goal/put_the_bowl_on_top_of_the_cabinet/0244,2244,pi05_lerobot,/share/data/ripl/tianchong/projects/Eval_Policies_CoRL/checkpoints/pi05-libero-finetuned,/share/data/ripl/tianchong/projects/Eval_Policies_CoRL/artifacts/libero/init_state_layer2_4suite_2500_seed20260519,1,82,,16.113
libero_goal,4,put_the_bowl_on_top_of_the_cabinet,put the bowl on top of the cabinet,245,libero_goal/put_the_bowl_on_top_of_the_cabinet/0245,2245,pi05_lerobot,/share/data/ripl/tianchong/projects/Eval_Policies_CoRL/checkpoints/pi05-libero-finetuned,/share/data/ripl/tianchong/projects/Eval_Policies_CoRL/artifacts/libero/init_state_layer2_4suite_2500_seed20260519,1,85,,15.656
libero_goal,4,put_the_bowl_on_top_of_the_cabinet,put the bowl on top of the cabinet,246,libero_goal/put_the_bowl_on_top_of_the_cabinet/0246,2246,pi05_lerobot,/share/data/ripl/tianchong/projects/Eval_Policies_CoRL/checkpoints/pi05-libero-finetuned,/share/data/ripl/tianchong/projects/Eval_Policies_CoRL/artifacts/libero/init_state_layer2_4suite_2500_seed20260519,1,90,,15.848
libero_goal,4,put_the_bowl_on_top_of_the_cabinet,put the bowl on top of the cabinet,247,libero_goal/put_the_bowl_on_top_of_the_cabinet/0247,2247,pi05_lerobot,/share/data/ripl/tianchong/projects/Eval_Policies_CoRL/checkpoints/pi05-libero-finetuned,/share/data/ripl/tianchong/projects/Eval_Policies_CoRL/artifacts/libero/init_state_layer2_4suite_2500_seed20260519,1,80,,14.544
libero_goal,4,put_the_bowl_on_top_of_the_cabinet,put the bowl on top of the cabinet,248,libero_goal/put_the_bowl_on_top_of_the_cabinet/0248,2248,pi05_lerobot,/share/data/ripl/tianchong/projects/Eval_Policies_CoRL/checkpoints/pi05-libero-finetuned,/share/data/ripl/tianchong/projects/Eval_Policies_CoRL/artifacts/libero/init_state_layer2_4suite_2500_seed20260519,1,83,,16.207
libero_goal,4,put_the_bowl_on_top_of_the_cabinet,put the bowl on top of the cabinet,249,libero_goal/put_the_bowl_on_top_of_the_cabinet/0249,2249,pi05_lerobot,/share/data/ripl/tianchong/projects/Eval_Policies_CoRL/checkpoints/pi05-libero-finetuned,/share/data/ripl/tianchong/projects/Eval_Policies_CoRL/artifacts/libero/init_state_layer2_4suite_2500_seed20260519,1,82,,15.209
