suite,task_id,task_name,episode_idx,instance_id,policy_name,checkpoint_ref,success,num_env_steps,error_type
libero_object,1,pick_up_the_cream_cheese_and_place_it_in_the_basket,0,libero_object/pick_up_the_cream_cheese_and_place_it_in_the_basket/0000,simvla,/share/data/ripl/tianchong/projects/Eval_Policies_CoRL/checkpoints/simvla-libero@93dc4d90b0596c652ad2840ad743c62b9c4473fb,1,132,
libero_object,1,pick_up_the_cream_cheese_and_place_it_in_the_basket,1,libero_object/pick_up_the_cream_cheese_and_place_it_in_the_basket/0001,simvla,/share/data/ripl/tianchong/projects/Eval_Policies_CoRL/checkpoints/simvla-libero@93dc4d90b0596c652ad2840ad743c62b9c4473fb,1,126,
libero_object,1,pick_up_the_cream_cheese_and_place_it_in_the_basket,2,libero_object/pick_up_the_cream_cheese_and_place_it_in_the_basket/0002,simvla,/share/data/ripl/tianchong/projects/Eval_Policies_CoRL/checkpoints/simvla-libero@93dc4d90b0596c652ad2840ad743c62b9c4473fb,1,126,
libero_object,1,pick_up_the_cream_cheese_and_place_it_in_the_basket,3,libero_object/pick_up_the_cream_cheese_and_place_it_in_the_basket/0003,simvla,/share/data/ripl/tianchong/projects/Eval_Policies_CoRL/checkpoints/simvla-libero@93dc4d90b0596c652ad2840ad743c62b9c4473fb,1,131,
libero_object,1,pick_up_the_cream_cheese_and_place_it_in_the_basket,4,libero_object/pick_up_the_cream_cheese_and_place_it_in_the_basket/0004,simvla,/share/data/ripl/tianchong/projects/Eval_Policies_CoRL/checkpoints/simvla-libero@93dc4d90b0596c652ad2840ad743c62b9c4473fb,1,127,
libero_object,1,pick_up_the_cream_cheese_and_place_it_in_the_basket,5,libero_object/pick_up_the_cream_cheese_and_place_it_in_the_basket/0005,simvla,/share/data/ripl/tianchong/projects/Eval_Policies_CoRL/checkpoints/simvla-libero@93dc4d90b0596c652ad2840ad743c62b9c4473fb,1,126,
libero_object,1,pick_up_the_cream_cheese_and_place_it_in_the_basket,6,libero_object/pick_up_the_cream_cheese_and_place_it_in_the_basket/0006,simvla,/share/data/ripl/tianchong/projects/Eval_Policies_CoRL/checkpoints/simvla-libero@93dc4d90b0596c652ad2840ad743c62b9c4473fb,1,141,
libero_object,1,pick_up_the_cream_cheese_and_place_it_in_the_basket,7,libero_object/pick_up_the_cream_cheese_and_place_it_in_the_basket/0007,simvla,/share/data/ripl/tianchong/projects/Eval_Policies_CoRL/checkpoints/simvla-libero@93dc4d90b0596c652ad2840ad743c62b9c4473fb,1,129,
libero_object,1,pick_up_the_cream_cheese_and_place_it_in_the_basket,8,libero_object/pick_up_the_cream_cheese_and_place_it_in_the_basket/0008,simvla,/share/data/ripl/tianchong/projects/Eval_Policies_CoRL/checkpoints/simvla-libero@93dc4d90b0596c652ad2840ad743c62b9c4473fb,1,128,
libero_object,1,pick_up_the_cream_cheese_and_place_it_in_the_basket,9,libero_object/pick_up_the_cream_cheese_and_place_it_in_the_basket/0009,simvla,/share/data/ripl/tianchong/projects/Eval_Policies_CoRL/checkpoints/simvla-libero@93dc4d90b0596c652ad2840ad743c62b9c4473fb,1,134,
libero_object,1,pick_up_the_cream_cheese_and_place_it_in_the_basket,10,libero_object/pick_up_the_cream_cheese_and_place_it_in_the_basket/0010,simvla,/share/data/ripl/tianchong/projects/Eval_Policies_CoRL/checkpoints/simvla-libero@93dc4d90b0596c652ad2840ad743c62b9c4473fb,1,130,
libero_object,1,pick_up_the_cream_cheese_and_place_it_in_the_basket,11,libero_object/pick_up_the_cream_cheese_and_place_it_in_the_basket/0011,simvla,/share/data/ripl/tianchong/projects/Eval_Policies_CoRL/checkpoints/simvla-libero@93dc4d90b0596c652ad2840ad743c62b9c4473fb,1,159,
libero_object,1,pick_up_the_cream_cheese_and_place_it_in_the_basket,12,libero_object/pick_up_the_cream_cheese_and_place_it_in_the_basket/0012,simvla,/share/data/ripl/tianchong/projects/Eval_Policies_CoRL/checkpoints/simvla-libero@93dc4d90b0596c652ad2840ad743c62b9c4473fb,1,127,
libero_object,1,pick_up_the_cream_cheese_and_place_it_in_the_basket,13,libero_object/pick_up_the_cream_cheese_and_place_it_in_the_basket/0013,simvla,/share/data/ripl/tianchong/projects/Eval_Policies_CoRL/checkpoints/simvla-libero@93dc4d90b0596c652ad2840ad743c62b9c4473fb,1,127,
libero_object,1,pick_up_the_cream_cheese_and_place_it_in_the_basket,14,libero_object/pick_up_the_cream_cheese_and_place_it_in_the_basket/0014,simvla,/share/data/ripl/tianchong/projects/Eval_Policies_CoRL/checkpoints/simvla-libero@93dc4d90b0596c652ad2840ad743c62b9c4473fb,1,129,
libero_object,1,pick_up_the_cream_cheese_and_place_it_in_the_basket,15,libero_object/pick_up_the_cream_cheese_and_place_it_in_the_basket/0015,simvla,/share/data/ripl/tianchong/projects/Eval_Policies_CoRL/checkpoints/simvla-libero@93dc4d90b0596c652ad2840ad743c62b9c4473fb,1,129,
libero_object,1,pick_up_the_cream_cheese_and_place_it_in_the_basket,16,libero_object/pick_up_the_cream_cheese_and_place_it_in_the_basket/0016,simvla,/share/data/ripl/tianchong/projects/Eval_Policies_CoRL/checkpoints/simvla-libero@93dc4d90b0596c652ad2840ad743c62b9c4473fb,1,128,
libero_object,1,pick_up_the_cream_cheese_and_place_it_in_the_basket,17,libero_object/pick_up_the_cream_cheese_and_place_it_in_the_basket/0017,simvla,/share/data/ripl/tianchong/projects/Eval_Policies_CoRL/checkpoints/simvla-libero@93dc4d90b0596c652ad2840ad743c62b9c4473fb,1,136,
libero_object,1,pick_up_the_cream_cheese_and_place_it_in_the_basket,18,libero_object/pick_up_the_cream_cheese_and_place_it_in_the_basket/0018,simvla,/share/data/ripl/tianchong/projects/Eval_Policies_CoRL/checkpoints/simvla-libero@93dc4d90b0596c652ad2840ad743c62b9c4473fb,1,139,
libero_object,1,pick_up_the_cream_cheese_and_place_it_in_the_basket,19,libero_object/pick_up_the_cream_cheese_and_place_it_in_the_basket/0019,simvla,/share/data/ripl/tianchong/projects/Eval_Policies_CoRL/checkpoints/simvla-libero@93dc4d90b0596c652ad2840ad743c62b9c4473fb,1,127,
libero_object,1,pick_up_the_cream_cheese_and_place_it_in_the_basket,20,libero_object/pick_up_the_cream_cheese_and_place_it_in_the_basket/0020,simvla,/share/data/ripl/tianchong/projects/Eval_Policies_CoRL/checkpoints/simvla-libero@93dc4d90b0596c652ad2840ad743c62b9c4473fb,1,146,
libero_object,1,pick_up_the_cream_cheese_and_place_it_in_the_basket,21,libero_object/pick_up_the_cream_cheese_and_place_it_in_the_basket/0021,simvla,/share/data/ripl/tianchong/projects/Eval_Policies_CoRL/checkpoints/simvla-libero@93dc4d90b0596c652ad2840ad743c62b9c4473fb,1,131,
libero_object,1,pick_up_the_cream_cheese_and_place_it_in_the_basket,22,libero_object/pick_up_the_cream_cheese_and_place_it_in_the_basket/0022,simvla,/share/data/ripl/tianchong/projects/Eval_Policies_CoRL/checkpoints/simvla-libero@93dc4d90b0596c652ad2840ad743c62b9c4473fb,1,126,
libero_object,1,pick_up_the_cream_cheese_and_place_it_in_the_basket,23,libero_object/pick_up_the_cream_cheese_and_place_it_in_the_basket/0023,simvla,/share/data/ripl/tianchong/projects/Eval_Policies_CoRL/checkpoints/simvla-libero@93dc4d90b0596c652ad2840ad743c62b9c4473fb,1,158,
libero_object,1,pick_up_the_cream_cheese_and_place_it_in_the_basket,24,libero_object/pick_up_the_cream_cheese_and_place_it_in_the_basket/0024,simvla,/share/data/ripl/tianchong/projects/Eval_Policies_CoRL/checkpoints/simvla-libero@93dc4d90b0596c652ad2840ad743c62b9c4473fb,1,137,
libero_object,1,pick_up_the_cream_cheese_and_place_it_in_the_basket,25,libero_object/pick_up_the_cream_cheese_and_place_it_in_the_basket/0025,simvla,/share/data/ripl/tianchong/projects/Eval_Policies_CoRL/checkpoints/simvla-libero@93dc4d90b0596c652ad2840ad743c62b9c4473fb,1,136,
libero_object,1,pick_up_the_cream_cheese_and_place_it_in_the_basket,26,libero_object/pick_up_the_cream_cheese_and_place_it_in_the_basket/0026,simvla,/share/data/ripl/tianchong/projects/Eval_Policies_CoRL/checkpoints/simvla-libero@93dc4d90b0596c652ad2840ad743c62b9c4473fb,1,122,
libero_object,1,pick_up_the_cream_cheese_and_place_it_in_the_basket,27,libero_object/pick_up_the_cream_cheese_and_place_it_in_the_basket/0027,simvla,/share/data/ripl/tianchong/projects/Eval_Policies_CoRL/checkpoints/simvla-libero@93dc4d90b0596c652ad2840ad743c62b9c4473fb,1,127,
libero_object,1,pick_up_the_cream_cheese_and_place_it_in_the_basket,28,libero_object/pick_up_the_cream_cheese_and_place_it_in_the_basket/0028,simvla,/share/data/ripl/tianchong/projects/Eval_Policies_CoRL/checkpoints/simvla-libero@93dc4d90b0596c652ad2840ad743c62b9c4473fb,1,128,
libero_object,1,pick_up_the_cream_cheese_and_place_it_in_the_basket,29,libero_object/pick_up_the_cream_cheese_and_place_it_in_the_basket/0029,simvla,/share/data/ripl/tianchong/projects/Eval_Policies_CoRL/checkpoints/simvla-libero@93dc4d90b0596c652ad2840ad743c62b9c4473fb,1,127,
libero_object,1,pick_up_the_cream_cheese_and_place_it_in_the_basket,30,libero_object/pick_up_the_cream_cheese_and_place_it_in_the_basket/0030,simvla,/share/data/ripl/tianchong/projects/Eval_Policies_CoRL/checkpoints/simvla-libero@93dc4d90b0596c652ad2840ad743c62b9c4473fb,1,126,
libero_object,1,pick_up_the_cream_cheese_and_place_it_in_the_basket,31,libero_object/pick_up_the_cream_cheese_and_place_it_in_the_basket/0031,simvla,/share/data/ripl/tianchong/projects/Eval_Policies_CoRL/checkpoints/simvla-libero@93dc4d90b0596c652ad2840ad743c62b9c4473fb,1,124,
libero_object,1,pick_up_the_cream_cheese_and_place_it_in_the_basket,32,libero_object/pick_up_the_cream_cheese_and_place_it_in_the_basket/0032,simvla,/share/data/ripl/tianchong/projects/Eval_Policies_CoRL/checkpoints/simvla-libero@93dc4d90b0596c652ad2840ad743c62b9c4473fb,1,126,
libero_object,1,pick_up_the_cream_cheese_and_place_it_in_the_basket,33,libero_object/pick_up_the_cream_cheese_and_place_it_in_the_basket/0033,simvla,/share/data/ripl/tianchong/projects/Eval_Policies_CoRL/checkpoints/simvla-libero@93dc4d90b0596c652ad2840ad743c62b9c4473fb,1,129,
libero_object,1,pick_up_the_cream_cheese_and_place_it_in_the_basket,34,libero_object/pick_up_the_cream_cheese_and_place_it_in_the_basket/0034,simvla,/share/data/ripl/tianchong/projects/Eval_Policies_CoRL/checkpoints/simvla-libero@93dc4d90b0596c652ad2840ad743c62b9c4473fb,1,128,
libero_object,1,pick_up_the_cream_cheese_and_place_it_in_the_basket,35,libero_object/pick_up_the_cream_cheese_and_place_it_in_the_basket/0035,simvla,/share/data/ripl/tianchong/projects/Eval_Policies_CoRL/checkpoints/simvla-libero@93dc4d90b0596c652ad2840ad743c62b9c4473fb,1,132,
libero_object,1,pick_up_the_cream_cheese_and_place_it_in_the_basket,36,libero_object/pick_up_the_cream_cheese_and_place_it_in_the_basket/0036,simvla,/share/data/ripl/tianchong/projects/Eval_Policies_CoRL/checkpoints/simvla-libero@93dc4d90b0596c652ad2840ad743c62b9c4473fb,1,126,
libero_object,1,pick_up_the_cream_cheese_and_place_it_in_the_basket,37,libero_object/pick_up_the_cream_cheese_and_place_it_in_the_basket/0037,simvla,/share/data/ripl/tianchong/projects/Eval_Policies_CoRL/checkpoints/simvla-libero@93dc4d90b0596c652ad2840ad743c62b9c4473fb,1,132,
libero_object,1,pick_up_the_cream_cheese_and_place_it_in_the_basket,38,libero_object/pick_up_the_cream_cheese_and_place_it_in_the_basket/0038,simvla,/share/data/ripl/tianchong/projects/Eval_Policies_CoRL/checkpoints/simvla-libero@93dc4d90b0596c652ad2840ad743c62b9c4473fb,1,131,
libero_object,1,pick_up_the_cream_cheese_and_place_it_in_the_basket,39,libero_object/pick_up_the_cream_cheese_and_place_it_in_the_basket/0039,simvla,/share/data/ripl/tianchong/projects/Eval_Policies_CoRL/checkpoints/simvla-libero@93dc4d90b0596c652ad2840ad743c62b9c4473fb,1,136,
libero_object,1,pick_up_the_cream_cheese_and_place_it_in_the_basket,40,libero_object/pick_up_the_cream_cheese_and_place_it_in_the_basket/0040,simvla,/share/data/ripl/tianchong/projects/Eval_Policies_CoRL/checkpoints/simvla-libero@93dc4d90b0596c652ad2840ad743c62b9c4473fb,1,127,
libero_object,1,pick_up_the_cream_cheese_and_place_it_in_the_basket,41,libero_object/pick_up_the_cream_cheese_and_place_it_in_the_basket/0041,simvla,/share/data/ripl/tianchong/projects/Eval_Policies_CoRL/checkpoints/simvla-libero@93dc4d90b0596c652ad2840ad743c62b9c4473fb,1,134,
libero_object,1,pick_up_the_cream_cheese_and_place_it_in_the_basket,42,libero_object/pick_up_the_cream_cheese_and_place_it_in_the_basket/0042,simvla,/share/data/ripl/tianchong/projects/Eval_Policies_CoRL/checkpoints/simvla-libero@93dc4d90b0596c652ad2840ad743c62b9c4473fb,1,126,
libero_object,1,pick_up_the_cream_cheese_and_place_it_in_the_basket,43,libero_object/pick_up_the_cream_cheese_and_place_it_in_the_basket/0043,simvla,/share/data/ripl/tianchong/projects/Eval_Policies_CoRL/checkpoints/simvla-libero@93dc4d90b0596c652ad2840ad743c62b9c4473fb,1,127,
libero_object,1,pick_up_the_cream_cheese_and_place_it_in_the_basket,44,libero_object/pick_up_the_cream_cheese_and_place_it_in_the_basket/0044,simvla,/share/data/ripl/tianchong/projects/Eval_Policies_CoRL/checkpoints/simvla-libero@93dc4d90b0596c652ad2840ad743c62b9c4473fb,1,157,
libero_object,1,pick_up_the_cream_cheese_and_place_it_in_the_basket,45,libero_object/pick_up_the_cream_cheese_and_place_it_in_the_basket/0045,simvla,/share/data/ripl/tianchong/projects/Eval_Policies_CoRL/checkpoints/simvla-libero@93dc4d90b0596c652ad2840ad743c62b9c4473fb,1,131,
libero_object,1,pick_up_the_cream_cheese_and_place_it_in_the_basket,46,libero_object/pick_up_the_cream_cheese_and_place_it_in_the_basket/0046,simvla,/share/data/ripl/tianchong/projects/Eval_Policies_CoRL/checkpoints/simvla-libero@93dc4d90b0596c652ad2840ad743c62b9c4473fb,1,127,
libero_object,1,pick_up_the_cream_cheese_and_place_it_in_the_basket,47,libero_object/pick_up_the_cream_cheese_and_place_it_in_the_basket/0047,simvla,/share/data/ripl/tianchong/projects/Eval_Policies_CoRL/checkpoints/simvla-libero@93dc4d90b0596c652ad2840ad743c62b9c4473fb,1,128,
libero_object,1,pick_up_the_cream_cheese_and_place_it_in_the_basket,48,libero_object/pick_up_the_cream_cheese_and_place_it_in_the_basket/0048,simvla,/share/data/ripl/tianchong/projects/Eval_Policies_CoRL/checkpoints/simvla-libero@93dc4d90b0596c652ad2840ad743c62b9c4473fb,1,128,
libero_object,1,pick_up_the_cream_cheese_and_place_it_in_the_basket,49,libero_object/pick_up_the_cream_cheese_and_place_it_in_the_basket/0049,simvla,/share/data/ripl/tianchong/projects/Eval_Policies_CoRL/checkpoints/simvla-libero@93dc4d90b0596c652ad2840ad743c62b9c4473fb,1,127,
libero_object,1,pick_up_the_cream_cheese_and_place_it_in_the_basket,50,libero_object/pick_up_the_cream_cheese_and_place_it_in_the_basket/0050,simvla,/share/data/ripl/tianchong/projects/Eval_Policies_CoRL/checkpoints/simvla-libero@93dc4d90b0596c652ad2840ad743c62b9c4473fb,1,131,
libero_object,1,pick_up_the_cream_cheese_and_place_it_in_the_basket,51,libero_object/pick_up_the_cream_cheese_and_place_it_in_the_basket/0051,simvla,/share/data/ripl/tianchong/projects/Eval_Policies_CoRL/checkpoints/simvla-libero@93dc4d90b0596c652ad2840ad743c62b9c4473fb,1,127,
libero_object,1,pick_up_the_cream_cheese_and_place_it_in_the_basket,52,libero_object/pick_up_the_cream_cheese_and_place_it_in_the_basket/0052,simvla,/share/data/ripl/tianchong/projects/Eval_Policies_CoRL/checkpoints/simvla-libero@93dc4d90b0596c652ad2840ad743c62b9c4473fb,1,126,
libero_object,1,pick_up_the_cream_cheese_and_place_it_in_the_basket,53,libero_object/pick_up_the_cream_cheese_and_place_it_in_the_basket/0053,simvla,/share/data/ripl/tianchong/projects/Eval_Policies_CoRL/checkpoints/simvla-libero@93dc4d90b0596c652ad2840ad743c62b9c4473fb,1,126,
libero_object,1,pick_up_the_cream_cheese_and_place_it_in_the_basket,54,libero_object/pick_up_the_cream_cheese_and_place_it_in_the_basket/0054,simvla,/share/data/ripl/tianchong/projects/Eval_Policies_CoRL/checkpoints/simvla-libero@93dc4d90b0596c652ad2840ad743c62b9c4473fb,1,142,
libero_object,1,pick_up_the_cream_cheese_and_place_it_in_the_basket,55,libero_object/pick_up_the_cream_cheese_and_place_it_in_the_basket/0055,simvla,/share/data/ripl/tianchong/projects/Eval_Policies_CoRL/checkpoints/simvla-libero@93dc4d90b0596c652ad2840ad743c62b9c4473fb,1,125,
libero_object,1,pick_up_the_cream_cheese_and_place_it_in_the_basket,56,libero_object/pick_up_the_cream_cheese_and_place_it_in_the_basket/0056,simvla,/share/data/ripl/tianchong/projects/Eval_Policies_CoRL/checkpoints/simvla-libero@93dc4d90b0596c652ad2840ad743c62b9c4473fb,1,132,
libero_object,1,pick_up_the_cream_cheese_and_place_it_in_the_basket,57,libero_object/pick_up_the_cream_cheese_and_place_it_in_the_basket/0057,simvla,/share/data/ripl/tianchong/projects/Eval_Policies_CoRL/checkpoints/simvla-libero@93dc4d90b0596c652ad2840ad743c62b9c4473fb,1,127,
libero_object,1,pick_up_the_cream_cheese_and_place_it_in_the_basket,58,libero_object/pick_up_the_cream_cheese_and_place_it_in_the_basket/0058,simvla,/share/data/ripl/tianchong/projects/Eval_Policies_CoRL/checkpoints/simvla-libero@93dc4d90b0596c652ad2840ad743c62b9c4473fb,1,126,
libero_object,1,pick_up_the_cream_cheese_and_place_it_in_the_basket,59,libero_object/pick_up_the_cream_cheese_and_place_it_in_the_basket/0059,simvla,/share/data/ripl/tianchong/projects/Eval_Policies_CoRL/checkpoints/simvla-libero@93dc4d90b0596c652ad2840ad743c62b9c4473fb,1,129,
libero_object,1,pick_up_the_cream_cheese_and_place_it_in_the_basket,60,libero_object/pick_up_the_cream_cheese_and_place_it_in_the_basket/0060,simvla,/share/data/ripl/tianchong/projects/Eval_Policies_CoRL/checkpoints/simvla-libero@93dc4d90b0596c652ad2840ad743c62b9c4473fb,1,130,
libero_object,1,pick_up_the_cream_cheese_and_place_it_in_the_basket,61,libero_object/pick_up_the_cream_cheese_and_place_it_in_the_basket/0061,simvla,/share/data/ripl/tianchong/projects/Eval_Policies_CoRL/checkpoints/simvla-libero@93dc4d90b0596c652ad2840ad743c62b9c4473fb,1,128,
libero_object,1,pick_up_the_cream_cheese_and_place_it_in_the_basket,62,libero_object/pick_up_the_cream_cheese_and_place_it_in_the_basket/0062,simvla,/share/data/ripl/tianchong/projects/Eval_Policies_CoRL/checkpoints/simvla-libero@93dc4d90b0596c652ad2840ad743c62b9c4473fb,1,132,
libero_object,1,pick_up_the_cream_cheese_and_place_it_in_the_basket,63,libero_object/pick_up_the_cream_cheese_and_place_it_in_the_basket/0063,simvla,/share/data/ripl/tianchong/projects/Eval_Policies_CoRL/checkpoints/simvla-libero@93dc4d90b0596c652ad2840ad743c62b9c4473fb,1,129,
libero_object,1,pick_up_the_cream_cheese_and_place_it_in_the_basket,64,libero_object/pick_up_the_cream_cheese_and_place_it_in_the_basket/0064,simvla,/share/data/ripl/tianchong/projects/Eval_Policies_CoRL/checkpoints/simvla-libero@93dc4d90b0596c652ad2840ad743c62b9c4473fb,1,131,
libero_object,1,pick_up_the_cream_cheese_and_place_it_in_the_basket,65,libero_object/pick_up_the_cream_cheese_and_place_it_in_the_basket/0065,simvla,/share/data/ripl/tianchong/projects/Eval_Policies_CoRL/checkpoints/simvla-libero@93dc4d90b0596c652ad2840ad743c62b9c4473fb,1,131,
libero_object,1,pick_up_the_cream_cheese_and_place_it_in_the_basket,66,libero_object/pick_up_the_cream_cheese_and_place_it_in_the_basket/0066,simvla,/share/data/ripl/tianchong/projects/Eval_Policies_CoRL/checkpoints/simvla-libero@93dc4d90b0596c652ad2840ad743c62b9c4473fb,1,127,
libero_object,1,pick_up_the_cream_cheese_and_place_it_in_the_basket,67,libero_object/pick_up_the_cream_cheese_and_place_it_in_the_basket/0067,simvla,/share/data/ripl/tianchong/projects/Eval_Policies_CoRL/checkpoints/simvla-libero@93dc4d90b0596c652ad2840ad743c62b9c4473fb,1,126,
libero_object,1,pick_up_the_cream_cheese_and_place_it_in_the_basket,68,libero_object/pick_up_the_cream_cheese_and_place_it_in_the_basket/0068,simvla,/share/data/ripl/tianchong/projects/Eval_Policies_CoRL/checkpoints/simvla-libero@93dc4d90b0596c652ad2840ad743c62b9c4473fb,1,130,
libero_object,1,pick_up_the_cream_cheese_and_place_it_in_the_basket,69,libero_object/pick_up_the_cream_cheese_and_place_it_in_the_basket/0069,simvla,/share/data/ripl/tianchong/projects/Eval_Policies_CoRL/checkpoints/simvla-libero@93dc4d90b0596c652ad2840ad743c62b9c4473fb,1,127,
libero_object,1,pick_up_the_cream_cheese_and_place_it_in_the_basket,70,libero_object/pick_up_the_cream_cheese_and_place_it_in_the_basket/0070,simvla,/share/data/ripl/tianchong/projects/Eval_Policies_CoRL/checkpoints/simvla-libero@93dc4d90b0596c652ad2840ad743c62b9c4473fb,1,127,
libero_object,1,pick_up_the_cream_cheese_and_place_it_in_the_basket,71,libero_object/pick_up_the_cream_cheese_and_place_it_in_the_basket/0071,simvla,/share/data/ripl/tianchong/projects/Eval_Policies_CoRL/checkpoints/simvla-libero@93dc4d90b0596c652ad2840ad743c62b9c4473fb,1,129,
libero_object,1,pick_up_the_cream_cheese_and_place_it_in_the_basket,72,libero_object/pick_up_the_cream_cheese_and_place_it_in_the_basket/0072,simvla,/share/data/ripl/tianchong/projects/Eval_Policies_CoRL/checkpoints/simvla-libero@93dc4d90b0596c652ad2840ad743c62b9c4473fb,1,129,
libero_object,1,pick_up_the_cream_cheese_and_place_it_in_the_basket,73,libero_object/pick_up_the_cream_cheese_and_place_it_in_the_basket/0073,simvla,/share/data/ripl/tianchong/projects/Eval_Policies_CoRL/checkpoints/simvla-libero@93dc4d90b0596c652ad2840ad743c62b9c4473fb,1,125,
libero_object,1,pick_up_the_cream_cheese_and_place_it_in_the_basket,74,libero_object/pick_up_the_cream_cheese_and_place_it_in_the_basket/0074,simvla,/share/data/ripl/tianchong/projects/Eval_Policies_CoRL/checkpoints/simvla-libero@93dc4d90b0596c652ad2840ad743c62b9c4473fb,1,128,
libero_object,1,pick_up_the_cream_cheese_and_place_it_in_the_basket,75,libero_object/pick_up_the_cream_cheese_and_place_it_in_the_basket/0075,simvla,/share/data/ripl/tianchong/projects/Eval_Policies_CoRL/checkpoints/simvla-libero@93dc4d90b0596c652ad2840ad743c62b9c4473fb,1,133,
libero_object,1,pick_up_the_cream_cheese_and_place_it_in_the_basket,76,libero_object/pick_up_the_cream_cheese_and_place_it_in_the_basket/0076,simvla,/share/data/ripl/tianchong/projects/Eval_Policies_CoRL/checkpoints/simvla-libero@93dc4d90b0596c652ad2840ad743c62b9c4473fb,1,127,
libero_object,1,pick_up_the_cream_cheese_and_place_it_in_the_basket,77,libero_object/pick_up_the_cream_cheese_and_place_it_in_the_basket/0077,simvla,/share/data/ripl/tianchong/projects/Eval_Policies_CoRL/checkpoints/simvla-libero@93dc4d90b0596c652ad2840ad743c62b9c4473fb,1,129,
libero_object,1,pick_up_the_cream_cheese_and_place_it_in_the_basket,78,libero_object/pick_up_the_cream_cheese_and_place_it_in_the_basket/0078,simvla,/share/data/ripl/tianchong/projects/Eval_Policies_CoRL/checkpoints/simvla-libero@93dc4d90b0596c652ad2840ad743c62b9c4473fb,1,127,
libero_object,1,pick_up_the_cream_cheese_and_place_it_in_the_basket,79,libero_object/pick_up_the_cream_cheese_and_place_it_in_the_basket/0079,simvla,/share/data/ripl/tianchong/projects/Eval_Policies_CoRL/checkpoints/simvla-libero@93dc4d90b0596c652ad2840ad743c62b9c4473fb,1,129,
libero_object,1,pick_up_the_cream_cheese_and_place_it_in_the_basket,80,libero_object/pick_up_the_cream_cheese_and_place_it_in_the_basket/0080,simvla,/share/data/ripl/tianchong/projects/Eval_Policies_CoRL/checkpoints/simvla-libero@93dc4d90b0596c652ad2840ad743c62b9c4473fb,1,126,
libero_object,1,pick_up_the_cream_cheese_and_place_it_in_the_basket,81,libero_object/pick_up_the_cream_cheese_and_place_it_in_the_basket/0081,simvla,/share/data/ripl/tianchong/projects/Eval_Policies_CoRL/checkpoints/simvla-libero@93dc4d90b0596c652ad2840ad743c62b9c4473fb,1,127,
libero_object,1,pick_up_the_cream_cheese_and_place_it_in_the_basket,82,libero_object/pick_up_the_cream_cheese_and_place_it_in_the_basket/0082,simvla,/share/data/ripl/tianchong/projects/Eval_Policies_CoRL/checkpoints/simvla-libero@93dc4d90b0596c652ad2840ad743c62b9c4473fb,1,128,
libero_object,1,pick_up_the_cream_cheese_and_place_it_in_the_basket,83,libero_object/pick_up_the_cream_cheese_and_place_it_in_the_basket/0083,simvla,/share/data/ripl/tianchong/projects/Eval_Policies_CoRL/checkpoints/simvla-libero@93dc4d90b0596c652ad2840ad743c62b9c4473fb,1,130,
libero_object,1,pick_up_the_cream_cheese_and_place_it_in_the_basket,84,libero_object/pick_up_the_cream_cheese_and_place_it_in_the_basket/0084,simvla,/share/data/ripl/tianchong/projects/Eval_Policies_CoRL/checkpoints/simvla-libero@93dc4d90b0596c652ad2840ad743c62b9c4473fb,1,129,
libero_object,1,pick_up_the_cream_cheese_and_place_it_in_the_basket,85,libero_object/pick_up_the_cream_cheese_and_place_it_in_the_basket/0085,simvla,/share/data/ripl/tianchong/projects/Eval_Policies_CoRL/checkpoints/simvla-libero@93dc4d90b0596c652ad2840ad743c62b9c4473fb,1,133,
libero_object,1,pick_up_the_cream_cheese_and_place_it_in_the_basket,86,libero_object/pick_up_the_cream_cheese_and_place_it_in_the_basket/0086,simvla,/share/data/ripl/tianchong/projects/Eval_Policies_CoRL/checkpoints/simvla-libero@93dc4d90b0596c652ad2840ad743c62b9c4473fb,1,128,
libero_object,1,pick_up_the_cream_cheese_and_place_it_in_the_basket,87,libero_object/pick_up_the_cream_cheese_and_place_it_in_the_basket/0087,simvla,/share/data/ripl/tianchong/projects/Eval_Policies_CoRL/checkpoints/simvla-libero@93dc4d90b0596c652ad2840ad743c62b9c4473fb,1,132,
libero_object,1,pick_up_the_cream_cheese_and_place_it_in_the_basket,88,libero_object/pick_up_the_cream_cheese_and_place_it_in_the_basket/0088,simvla,/share/data/ripl/tianchong/projects/Eval_Policies_CoRL/checkpoints/simvla-libero@93dc4d90b0596c652ad2840ad743c62b9c4473fb,1,131,
libero_object,1,pick_up_the_cream_cheese_and_place_it_in_the_basket,89,libero_object/pick_up_the_cream_cheese_and_place_it_in_the_basket/0089,simvla,/share/data/ripl/tianchong/projects/Eval_Policies_CoRL/checkpoints/simvla-libero@93dc4d90b0596c652ad2840ad743c62b9c4473fb,1,129,
libero_object,1,pick_up_the_cream_cheese_and_place_it_in_the_basket,90,libero_object/pick_up_the_cream_cheese_and_place_it_in_the_basket/0090,simvla,/share/data/ripl/tianchong/projects/Eval_Policies_CoRL/checkpoints/simvla-libero@93dc4d90b0596c652ad2840ad743c62b9c4473fb,1,133,
libero_object,1,pick_up_the_cream_cheese_and_place_it_in_the_basket,91,libero_object/pick_up_the_cream_cheese_and_place_it_in_the_basket/0091,simvla,/share/data/ripl/tianchong/projects/Eval_Policies_CoRL/checkpoints/simvla-libero@93dc4d90b0596c652ad2840ad743c62b9c4473fb,1,127,
libero_object,1,pick_up_the_cream_cheese_and_place_it_in_the_basket,92,libero_object/pick_up_the_cream_cheese_and_place_it_in_the_basket/0092,simvla,/share/data/ripl/tianchong/projects/Eval_Policies_CoRL/checkpoints/simvla-libero@93dc4d90b0596c652ad2840ad743c62b9c4473fb,1,132,
libero_object,1,pick_up_the_cream_cheese_and_place_it_in_the_basket,93,libero_object/pick_up_the_cream_cheese_and_place_it_in_the_basket/0093,simvla,/share/data/ripl/tianchong/projects/Eval_Policies_CoRL/checkpoints/simvla-libero@93dc4d90b0596c652ad2840ad743c62b9c4473fb,1,127,
libero_object,1,pick_up_the_cream_cheese_and_place_it_in_the_basket,94,libero_object/pick_up_the_cream_cheese_and_place_it_in_the_basket/0094,simvla,/share/data/ripl/tianchong/projects/Eval_Policies_CoRL/checkpoints/simvla-libero@93dc4d90b0596c652ad2840ad743c62b9c4473fb,1,127,
libero_object,1,pick_up_the_cream_cheese_and_place_it_in_the_basket,95,libero_object/pick_up_the_cream_cheese_and_place_it_in_the_basket/0095,simvla,/share/data/ripl/tianchong/projects/Eval_Policies_CoRL/checkpoints/simvla-libero@93dc4d90b0596c652ad2840ad743c62b9c4473fb,1,136,
libero_object,1,pick_up_the_cream_cheese_and_place_it_in_the_basket,96,libero_object/pick_up_the_cream_cheese_and_place_it_in_the_basket/0096,simvla,/share/data/ripl/tianchong/projects/Eval_Policies_CoRL/checkpoints/simvla-libero@93dc4d90b0596c652ad2840ad743c62b9c4473fb,1,140,
libero_object,1,pick_up_the_cream_cheese_and_place_it_in_the_basket,97,libero_object/pick_up_the_cream_cheese_and_place_it_in_the_basket/0097,simvla,/share/data/ripl/tianchong/projects/Eval_Policies_CoRL/checkpoints/simvla-libero@93dc4d90b0596c652ad2840ad743c62b9c4473fb,1,131,
libero_object,1,pick_up_the_cream_cheese_and_place_it_in_the_basket,98,libero_object/pick_up_the_cream_cheese_and_place_it_in_the_basket/0098,simvla,/share/data/ripl/tianchong/projects/Eval_Policies_CoRL/checkpoints/simvla-libero@93dc4d90b0596c652ad2840ad743c62b9c4473fb,1,127,
libero_object,1,pick_up_the_cream_cheese_and_place_it_in_the_basket,99,libero_object/pick_up_the_cream_cheese_and_place_it_in_the_basket/0099,simvla,/share/data/ripl/tianchong/projects/Eval_Policies_CoRL/checkpoints/simvla-libero@93dc4d90b0596c652ad2840ad743c62b9c4473fb,1,128,
libero_object,1,pick_up_the_cream_cheese_and_place_it_in_the_basket,100,libero_object/pick_up_the_cream_cheese_and_place_it_in_the_basket/0100,simvla,/share/data/ripl/tianchong/projects/Eval_Policies_CoRL/checkpoints/simvla-libero@93dc4d90b0596c652ad2840ad743c62b9c4473fb,1,133,
libero_object,1,pick_up_the_cream_cheese_and_place_it_in_the_basket,101,libero_object/pick_up_the_cream_cheese_and_place_it_in_the_basket/0101,simvla,/share/data/ripl/tianchong/projects/Eval_Policies_CoRL/checkpoints/simvla-libero@93dc4d90b0596c652ad2840ad743c62b9c4473fb,1,128,
libero_object,1,pick_up_the_cream_cheese_and_place_it_in_the_basket,102,libero_object/pick_up_the_cream_cheese_and_place_it_in_the_basket/0102,simvla,/share/data/ripl/tianchong/projects/Eval_Policies_CoRL/checkpoints/simvla-libero@93dc4d90b0596c652ad2840ad743c62b9c4473fb,1,130,
libero_object,1,pick_up_the_cream_cheese_and_place_it_in_the_basket,103,libero_object/pick_up_the_cream_cheese_and_place_it_in_the_basket/0103,simvla,/share/data/ripl/tianchong/projects/Eval_Policies_CoRL/checkpoints/simvla-libero@93dc4d90b0596c652ad2840ad743c62b9c4473fb,1,131,
libero_object,1,pick_up_the_cream_cheese_and_place_it_in_the_basket,104,libero_object/pick_up_the_cream_cheese_and_place_it_in_the_basket/0104,simvla,/share/data/ripl/tianchong/projects/Eval_Policies_CoRL/checkpoints/simvla-libero@93dc4d90b0596c652ad2840ad743c62b9c4473fb,1,128,
libero_object,1,pick_up_the_cream_cheese_and_place_it_in_the_basket,105,libero_object/pick_up_the_cream_cheese_and_place_it_in_the_basket/0105,simvla,/share/data/ripl/tianchong/projects/Eval_Policies_CoRL/checkpoints/simvla-libero@93dc4d90b0596c652ad2840ad743c62b9c4473fb,1,132,
libero_object,1,pick_up_the_cream_cheese_and_place_it_in_the_basket,106,libero_object/pick_up_the_cream_cheese_and_place_it_in_the_basket/0106,simvla,/share/data/ripl/tianchong/projects/Eval_Policies_CoRL/checkpoints/simvla-libero@93dc4d90b0596c652ad2840ad743c62b9c4473fb,1,127,
libero_object,1,pick_up_the_cream_cheese_and_place_it_in_the_basket,107,libero_object/pick_up_the_cream_cheese_and_place_it_in_the_basket/0107,simvla,/share/data/ripl/tianchong/projects/Eval_Policies_CoRL/checkpoints/simvla-libero@93dc4d90b0596c652ad2840ad743c62b9c4473fb,1,131,
libero_object,1,pick_up_the_cream_cheese_and_place_it_in_the_basket,108,libero_object/pick_up_the_cream_cheese_and_place_it_in_the_basket/0108,simvla,/share/data/ripl/tianchong/projects/Eval_Policies_CoRL/checkpoints/simvla-libero@93dc4d90b0596c652ad2840ad743c62b9c4473fb,1,131,
libero_object,1,pick_up_the_cream_cheese_and_place_it_in_the_basket,109,libero_object/pick_up_the_cream_cheese_and_place_it_in_the_basket/0109,simvla,/share/data/ripl/tianchong/projects/Eval_Policies_CoRL/checkpoints/simvla-libero@93dc4d90b0596c652ad2840ad743c62b9c4473fb,1,126,
libero_object,1,pick_up_the_cream_cheese_and_place_it_in_the_basket,110,libero_object/pick_up_the_cream_cheese_and_place_it_in_the_basket/0110,simvla,/share/data/ripl/tianchong/projects/Eval_Policies_CoRL/checkpoints/simvla-libero@93dc4d90b0596c652ad2840ad743c62b9c4473fb,1,135,
libero_object,1,pick_up_the_cream_cheese_and_place_it_in_the_basket,111,libero_object/pick_up_the_cream_cheese_and_place_it_in_the_basket/0111,simvla,/share/data/ripl/tianchong/projects/Eval_Policies_CoRL/checkpoints/simvla-libero@93dc4d90b0596c652ad2840ad743c62b9c4473fb,1,134,
libero_object,1,pick_up_the_cream_cheese_and_place_it_in_the_basket,112,libero_object/pick_up_the_cream_cheese_and_place_it_in_the_basket/0112,simvla,/share/data/ripl/tianchong/projects/Eval_Policies_CoRL/checkpoints/simvla-libero@93dc4d90b0596c652ad2840ad743c62b9c4473fb,1,127,
libero_object,1,pick_up_the_cream_cheese_and_place_it_in_the_basket,113,libero_object/pick_up_the_cream_cheese_and_place_it_in_the_basket/0113,simvla,/share/data/ripl/tianchong/projects/Eval_Policies_CoRL/checkpoints/simvla-libero@93dc4d90b0596c652ad2840ad743c62b9c4473fb,1,131,
libero_object,1,pick_up_the_cream_cheese_and_place_it_in_the_basket,114,libero_object/pick_up_the_cream_cheese_and_place_it_in_the_basket/0114,simvla,/share/data/ripl/tianchong/projects/Eval_Policies_CoRL/checkpoints/simvla-libero@93dc4d90b0596c652ad2840ad743c62b9c4473fb,1,131,
libero_object,1,pick_up_the_cream_cheese_and_place_it_in_the_basket,115,libero_object/pick_up_the_cream_cheese_and_place_it_in_the_basket/0115,simvla,/share/data/ripl/tianchong/projects/Eval_Policies_CoRL/checkpoints/simvla-libero@93dc4d90b0596c652ad2840ad743c62b9c4473fb,1,126,
libero_object,1,pick_up_the_cream_cheese_and_place_it_in_the_basket,116,libero_object/pick_up_the_cream_cheese_and_place_it_in_the_basket/0116,simvla,/share/data/ripl/tianchong/projects/Eval_Policies_CoRL/checkpoints/simvla-libero@93dc4d90b0596c652ad2840ad743c62b9c4473fb,1,129,
libero_object,1,pick_up_the_cream_cheese_and_place_it_in_the_basket,117,libero_object/pick_up_the_cream_cheese_and_place_it_in_the_basket/0117,simvla,/share/data/ripl/tianchong/projects/Eval_Policies_CoRL/checkpoints/simvla-libero@93dc4d90b0596c652ad2840ad743c62b9c4473fb,1,130,
libero_object,1,pick_up_the_cream_cheese_and_place_it_in_the_basket,118,libero_object/pick_up_the_cream_cheese_and_place_it_in_the_basket/0118,simvla,/share/data/ripl/tianchong/projects/Eval_Policies_CoRL/checkpoints/simvla-libero@93dc4d90b0596c652ad2840ad743c62b9c4473fb,1,124,
libero_object,1,pick_up_the_cream_cheese_and_place_it_in_the_basket,119,libero_object/pick_up_the_cream_cheese_and_place_it_in_the_basket/0119,simvla,/share/data/ripl/tianchong/projects/Eval_Policies_CoRL/checkpoints/simvla-libero@93dc4d90b0596c652ad2840ad743c62b9c4473fb,1,126,
libero_object,1,pick_up_the_cream_cheese_and_place_it_in_the_basket,120,libero_object/pick_up_the_cream_cheese_and_place_it_in_the_basket/0120,simvla,/share/data/ripl/tianchong/projects/Eval_Policies_CoRL/checkpoints/simvla-libero@93dc4d90b0596c652ad2840ad743c62b9c4473fb,1,128,
libero_object,1,pick_up_the_cream_cheese_and_place_it_in_the_basket,121,libero_object/pick_up_the_cream_cheese_and_place_it_in_the_basket/0121,simvla,/share/data/ripl/tianchong/projects/Eval_Policies_CoRL/checkpoints/simvla-libero@93dc4d90b0596c652ad2840ad743c62b9c4473fb,1,124,
libero_object,1,pick_up_the_cream_cheese_and_place_it_in_the_basket,122,libero_object/pick_up_the_cream_cheese_and_place_it_in_the_basket/0122,simvla,/share/data/ripl/tianchong/projects/Eval_Policies_CoRL/checkpoints/simvla-libero@93dc4d90b0596c652ad2840ad743c62b9c4473fb,1,133,
libero_object,1,pick_up_the_cream_cheese_and_place_it_in_the_basket,123,libero_object/pick_up_the_cream_cheese_and_place_it_in_the_basket/0123,simvla,/share/data/ripl/tianchong/projects/Eval_Policies_CoRL/checkpoints/simvla-libero@93dc4d90b0596c652ad2840ad743c62b9c4473fb,1,130,
libero_object,1,pick_up_the_cream_cheese_and_place_it_in_the_basket,124,libero_object/pick_up_the_cream_cheese_and_place_it_in_the_basket/0124,simvla,/share/data/ripl/tianchong/projects/Eval_Policies_CoRL/checkpoints/simvla-libero@93dc4d90b0596c652ad2840ad743c62b9c4473fb,1,130,
libero_object,1,pick_up_the_cream_cheese_and_place_it_in_the_basket,125,libero_object/pick_up_the_cream_cheese_and_place_it_in_the_basket/0125,simvla,/share/data/ripl/tianchong/projects/Eval_Policies_CoRL/checkpoints/simvla-libero@93dc4d90b0596c652ad2840ad743c62b9c4473fb,1,131,
libero_object,1,pick_up_the_cream_cheese_and_place_it_in_the_basket,126,libero_object/pick_up_the_cream_cheese_and_place_it_in_the_basket/0126,simvla,/share/data/ripl/tianchong/projects/Eval_Policies_CoRL/checkpoints/simvla-libero@93dc4d90b0596c652ad2840ad743c62b9c4473fb,1,126,
libero_object,1,pick_up_the_cream_cheese_and_place_it_in_the_basket,127,libero_object/pick_up_the_cream_cheese_and_place_it_in_the_basket/0127,simvla,/share/data/ripl/tianchong/projects/Eval_Policies_CoRL/checkpoints/simvla-libero@93dc4d90b0596c652ad2840ad743c62b9c4473fb,1,127,
libero_object,1,pick_up_the_cream_cheese_and_place_it_in_the_basket,128,libero_object/pick_up_the_cream_cheese_and_place_it_in_the_basket/0128,simvla,/share/data/ripl/tianchong/projects/Eval_Policies_CoRL/checkpoints/simvla-libero@93dc4d90b0596c652ad2840ad743c62b9c4473fb,1,151,
libero_object,1,pick_up_the_cream_cheese_and_place_it_in_the_basket,129,libero_object/pick_up_the_cream_cheese_and_place_it_in_the_basket/0129,simvla,/share/data/ripl/tianchong/projects/Eval_Policies_CoRL/checkpoints/simvla-libero@93dc4d90b0596c652ad2840ad743c62b9c4473fb,1,127,
libero_object,1,pick_up_the_cream_cheese_and_place_it_in_the_basket,130,libero_object/pick_up_the_cream_cheese_and_place_it_in_the_basket/0130,simvla,/share/data/ripl/tianchong/projects/Eval_Policies_CoRL/checkpoints/simvla-libero@93dc4d90b0596c652ad2840ad743c62b9c4473fb,1,126,
libero_object,1,pick_up_the_cream_cheese_and_place_it_in_the_basket,131,libero_object/pick_up_the_cream_cheese_and_place_it_in_the_basket/0131,simvla,/share/data/ripl/tianchong/projects/Eval_Policies_CoRL/checkpoints/simvla-libero@93dc4d90b0596c652ad2840ad743c62b9c4473fb,1,131,
libero_object,1,pick_up_the_cream_cheese_and_place_it_in_the_basket,132,libero_object/pick_up_the_cream_cheese_and_place_it_in_the_basket/0132,simvla,/share/data/ripl/tianchong/projects/Eval_Policies_CoRL/checkpoints/simvla-libero@93dc4d90b0596c652ad2840ad743c62b9c4473fb,1,127,
libero_object,1,pick_up_the_cream_cheese_and_place_it_in_the_basket,133,libero_object/pick_up_the_cream_cheese_and_place_it_in_the_basket/0133,simvla,/share/data/ripl/tianchong/projects/Eval_Policies_CoRL/checkpoints/simvla-libero@93dc4d90b0596c652ad2840ad743c62b9c4473fb,1,126,
libero_object,1,pick_up_the_cream_cheese_and_place_it_in_the_basket,134,libero_object/pick_up_the_cream_cheese_and_place_it_in_the_basket/0134,simvla,/share/data/ripl/tianchong/projects/Eval_Policies_CoRL/checkpoints/simvla-libero@93dc4d90b0596c652ad2840ad743c62b9c4473fb,1,127,
libero_object,1,pick_up_the_cream_cheese_and_place_it_in_the_basket,135,libero_object/pick_up_the_cream_cheese_and_place_it_in_the_basket/0135,simvla,/share/data/ripl/tianchong/projects/Eval_Policies_CoRL/checkpoints/simvla-libero@93dc4d90b0596c652ad2840ad743c62b9c4473fb,1,128,
libero_object,1,pick_up_the_cream_cheese_and_place_it_in_the_basket,136,libero_object/pick_up_the_cream_cheese_and_place_it_in_the_basket/0136,simvla,/share/data/ripl/tianchong/projects/Eval_Policies_CoRL/checkpoints/simvla-libero@93dc4d90b0596c652ad2840ad743c62b9c4473fb,1,128,
libero_object,1,pick_up_the_cream_cheese_and_place_it_in_the_basket,137,libero_object/pick_up_the_cream_cheese_and_place_it_in_the_basket/0137,simvla,/share/data/ripl/tianchong/projects/Eval_Policies_CoRL/checkpoints/simvla-libero@93dc4d90b0596c652ad2840ad743c62b9c4473fb,1,125,
libero_object,1,pick_up_the_cream_cheese_and_place_it_in_the_basket,138,libero_object/pick_up_the_cream_cheese_and_place_it_in_the_basket/0138,simvla,/share/data/ripl/tianchong/projects/Eval_Policies_CoRL/checkpoints/simvla-libero@93dc4d90b0596c652ad2840ad743c62b9c4473fb,1,128,
libero_object,1,pick_up_the_cream_cheese_and_place_it_in_the_basket,139,libero_object/pick_up_the_cream_cheese_and_place_it_in_the_basket/0139,simvla,/share/data/ripl/tianchong/projects/Eval_Policies_CoRL/checkpoints/simvla-libero@93dc4d90b0596c652ad2840ad743c62b9c4473fb,1,132,
libero_object,1,pick_up_the_cream_cheese_and_place_it_in_the_basket,140,libero_object/pick_up_the_cream_cheese_and_place_it_in_the_basket/0140,simvla,/share/data/ripl/tianchong/projects/Eval_Policies_CoRL/checkpoints/simvla-libero@93dc4d90b0596c652ad2840ad743c62b9c4473fb,1,334,
libero_object,1,pick_up_the_cream_cheese_and_place_it_in_the_basket,141,libero_object/pick_up_the_cream_cheese_and_place_it_in_the_basket/0141,simvla,/share/data/ripl/tianchong/projects/Eval_Policies_CoRL/checkpoints/simvla-libero@93dc4d90b0596c652ad2840ad743c62b9c4473fb,1,127,
libero_object,1,pick_up_the_cream_cheese_and_place_it_in_the_basket,142,libero_object/pick_up_the_cream_cheese_and_place_it_in_the_basket/0142,simvla,/share/data/ripl/tianchong/projects/Eval_Policies_CoRL/checkpoints/simvla-libero@93dc4d90b0596c652ad2840ad743c62b9c4473fb,1,126,
libero_object,1,pick_up_the_cream_cheese_and_place_it_in_the_basket,143,libero_object/pick_up_the_cream_cheese_and_place_it_in_the_basket/0143,simvla,/share/data/ripl/tianchong/projects/Eval_Policies_CoRL/checkpoints/simvla-libero@93dc4d90b0596c652ad2840ad743c62b9c4473fb,1,129,
libero_object,1,pick_up_the_cream_cheese_and_place_it_in_the_basket,144,libero_object/pick_up_the_cream_cheese_and_place_it_in_the_basket/0144,simvla,/share/data/ripl/tianchong/projects/Eval_Policies_CoRL/checkpoints/simvla-libero@93dc4d90b0596c652ad2840ad743c62b9c4473fb,1,129,
libero_object,1,pick_up_the_cream_cheese_and_place_it_in_the_basket,145,libero_object/pick_up_the_cream_cheese_and_place_it_in_the_basket/0145,simvla,/share/data/ripl/tianchong/projects/Eval_Policies_CoRL/checkpoints/simvla-libero@93dc4d90b0596c652ad2840ad743c62b9c4473fb,1,130,
libero_object,1,pick_up_the_cream_cheese_and_place_it_in_the_basket,146,libero_object/pick_up_the_cream_cheese_and_place_it_in_the_basket/0146,simvla,/share/data/ripl/tianchong/projects/Eval_Policies_CoRL/checkpoints/simvla-libero@93dc4d90b0596c652ad2840ad743c62b9c4473fb,1,126,
libero_object,1,pick_up_the_cream_cheese_and_place_it_in_the_basket,147,libero_object/pick_up_the_cream_cheese_and_place_it_in_the_basket/0147,simvla,/share/data/ripl/tianchong/projects/Eval_Policies_CoRL/checkpoints/simvla-libero@93dc4d90b0596c652ad2840ad743c62b9c4473fb,1,129,
libero_object,1,pick_up_the_cream_cheese_and_place_it_in_the_basket,148,libero_object/pick_up_the_cream_cheese_and_place_it_in_the_basket/0148,simvla,/share/data/ripl/tianchong/projects/Eval_Policies_CoRL/checkpoints/simvla-libero@93dc4d90b0596c652ad2840ad743c62b9c4473fb,1,128,
libero_object,1,pick_up_the_cream_cheese_and_place_it_in_the_basket,149,libero_object/pick_up_the_cream_cheese_and_place_it_in_the_basket/0149,simvla,/share/data/ripl/tianchong/projects/Eval_Policies_CoRL/checkpoints/simvla-libero@93dc4d90b0596c652ad2840ad743c62b9c4473fb,1,127,
libero_object,1,pick_up_the_cream_cheese_and_place_it_in_the_basket,150,libero_object/pick_up_the_cream_cheese_and_place_it_in_the_basket/0150,simvla,/share/data/ripl/tianchong/projects/Eval_Policies_CoRL/checkpoints/simvla-libero@93dc4d90b0596c652ad2840ad743c62b9c4473fb,1,131,
libero_object,1,pick_up_the_cream_cheese_and_place_it_in_the_basket,151,libero_object/pick_up_the_cream_cheese_and_place_it_in_the_basket/0151,simvla,/share/data/ripl/tianchong/projects/Eval_Policies_CoRL/checkpoints/simvla-libero@93dc4d90b0596c652ad2840ad743c62b9c4473fb,1,131,
libero_object,1,pick_up_the_cream_cheese_and_place_it_in_the_basket,152,libero_object/pick_up_the_cream_cheese_and_place_it_in_the_basket/0152,simvla,/share/data/ripl/tianchong/projects/Eval_Policies_CoRL/checkpoints/simvla-libero@93dc4d90b0596c652ad2840ad743c62b9c4473fb,1,128,
libero_object,1,pick_up_the_cream_cheese_and_place_it_in_the_basket,153,libero_object/pick_up_the_cream_cheese_and_place_it_in_the_basket/0153,simvla,/share/data/ripl/tianchong/projects/Eval_Policies_CoRL/checkpoints/simvla-libero@93dc4d90b0596c652ad2840ad743c62b9c4473fb,1,124,
libero_object,1,pick_up_the_cream_cheese_and_place_it_in_the_basket,154,libero_object/pick_up_the_cream_cheese_and_place_it_in_the_basket/0154,simvla,/share/data/ripl/tianchong/projects/Eval_Policies_CoRL/checkpoints/simvla-libero@93dc4d90b0596c652ad2840ad743c62b9c4473fb,1,138,
libero_object,1,pick_up_the_cream_cheese_and_place_it_in_the_basket,155,libero_object/pick_up_the_cream_cheese_and_place_it_in_the_basket/0155,simvla,/share/data/ripl/tianchong/projects/Eval_Policies_CoRL/checkpoints/simvla-libero@93dc4d90b0596c652ad2840ad743c62b9c4473fb,1,129,
libero_object,1,pick_up_the_cream_cheese_and_place_it_in_the_basket,156,libero_object/pick_up_the_cream_cheese_and_place_it_in_the_basket/0156,simvla,/share/data/ripl/tianchong/projects/Eval_Policies_CoRL/checkpoints/simvla-libero@93dc4d90b0596c652ad2840ad743c62b9c4473fb,1,128,
libero_object,1,pick_up_the_cream_cheese_and_place_it_in_the_basket,157,libero_object/pick_up_the_cream_cheese_and_place_it_in_the_basket/0157,simvla,/share/data/ripl/tianchong/projects/Eval_Policies_CoRL/checkpoints/simvla-libero@93dc4d90b0596c652ad2840ad743c62b9c4473fb,1,127,
libero_object,1,pick_up_the_cream_cheese_and_place_it_in_the_basket,158,libero_object/pick_up_the_cream_cheese_and_place_it_in_the_basket/0158,simvla,/share/data/ripl/tianchong/projects/Eval_Policies_CoRL/checkpoints/simvla-libero@93dc4d90b0596c652ad2840ad743c62b9c4473fb,1,128,
libero_object,1,pick_up_the_cream_cheese_and_place_it_in_the_basket,159,libero_object/pick_up_the_cream_cheese_and_place_it_in_the_basket/0159,simvla,/share/data/ripl/tianchong/projects/Eval_Policies_CoRL/checkpoints/simvla-libero@93dc4d90b0596c652ad2840ad743c62b9c4473fb,1,127,
libero_object,1,pick_up_the_cream_cheese_and_place_it_in_the_basket,160,libero_object/pick_up_the_cream_cheese_and_place_it_in_the_basket/0160,simvla,/share/data/ripl/tianchong/projects/Eval_Policies_CoRL/checkpoints/simvla-libero@93dc4d90b0596c652ad2840ad743c62b9c4473fb,1,125,
libero_object,1,pick_up_the_cream_cheese_and_place_it_in_the_basket,161,libero_object/pick_up_the_cream_cheese_and_place_it_in_the_basket/0161,simvla,/share/data/ripl/tianchong/projects/Eval_Policies_CoRL/checkpoints/simvla-libero@93dc4d90b0596c652ad2840ad743c62b9c4473fb,1,134,
libero_object,1,pick_up_the_cream_cheese_and_place_it_in_the_basket,162,libero_object/pick_up_the_cream_cheese_and_place_it_in_the_basket/0162,simvla,/share/data/ripl/tianchong/projects/Eval_Policies_CoRL/checkpoints/simvla-libero@93dc4d90b0596c652ad2840ad743c62b9c4473fb,1,127,
libero_object,1,pick_up_the_cream_cheese_and_place_it_in_the_basket,163,libero_object/pick_up_the_cream_cheese_and_place_it_in_the_basket/0163,simvla,/share/data/ripl/tianchong/projects/Eval_Policies_CoRL/checkpoints/simvla-libero@93dc4d90b0596c652ad2840ad743c62b9c4473fb,1,157,
libero_object,1,pick_up_the_cream_cheese_and_place_it_in_the_basket,164,libero_object/pick_up_the_cream_cheese_and_place_it_in_the_basket/0164,simvla,/share/data/ripl/tianchong/projects/Eval_Policies_CoRL/checkpoints/simvla-libero@93dc4d90b0596c652ad2840ad743c62b9c4473fb,1,130,
libero_object,1,pick_up_the_cream_cheese_and_place_it_in_the_basket,165,libero_object/pick_up_the_cream_cheese_and_place_it_in_the_basket/0165,simvla,/share/data/ripl/tianchong/projects/Eval_Policies_CoRL/checkpoints/simvla-libero@93dc4d90b0596c652ad2840ad743c62b9c4473fb,1,127,
libero_object,1,pick_up_the_cream_cheese_and_place_it_in_the_basket,166,libero_object/pick_up_the_cream_cheese_and_place_it_in_the_basket/0166,simvla,/share/data/ripl/tianchong/projects/Eval_Policies_CoRL/checkpoints/simvla-libero@93dc4d90b0596c652ad2840ad743c62b9c4473fb,1,135,
libero_object,1,pick_up_the_cream_cheese_and_place_it_in_the_basket,167,libero_object/pick_up_the_cream_cheese_and_place_it_in_the_basket/0167,simvla,/share/data/ripl/tianchong/projects/Eval_Policies_CoRL/checkpoints/simvla-libero@93dc4d90b0596c652ad2840ad743c62b9c4473fb,1,131,
libero_object,1,pick_up_the_cream_cheese_and_place_it_in_the_basket,168,libero_object/pick_up_the_cream_cheese_and_place_it_in_the_basket/0168,simvla,/share/data/ripl/tianchong/projects/Eval_Policies_CoRL/checkpoints/simvla-libero@93dc4d90b0596c652ad2840ad743c62b9c4473fb,1,126,
libero_object,1,pick_up_the_cream_cheese_and_place_it_in_the_basket,169,libero_object/pick_up_the_cream_cheese_and_place_it_in_the_basket/0169,simvla,/share/data/ripl/tianchong/projects/Eval_Policies_CoRL/checkpoints/simvla-libero@93dc4d90b0596c652ad2840ad743c62b9c4473fb,1,127,
libero_object,1,pick_up_the_cream_cheese_and_place_it_in_the_basket,170,libero_object/pick_up_the_cream_cheese_and_place_it_in_the_basket/0170,simvla,/share/data/ripl/tianchong/projects/Eval_Policies_CoRL/checkpoints/simvla-libero@93dc4d90b0596c652ad2840ad743c62b9c4473fb,1,133,
libero_object,1,pick_up_the_cream_cheese_and_place_it_in_the_basket,171,libero_object/pick_up_the_cream_cheese_and_place_it_in_the_basket/0171,simvla,/share/data/ripl/tianchong/projects/Eval_Policies_CoRL/checkpoints/simvla-libero@93dc4d90b0596c652ad2840ad743c62b9c4473fb,1,127,
libero_object,1,pick_up_the_cream_cheese_and_place_it_in_the_basket,172,libero_object/pick_up_the_cream_cheese_and_place_it_in_the_basket/0172,simvla,/share/data/ripl/tianchong/projects/Eval_Policies_CoRL/checkpoints/simvla-libero@93dc4d90b0596c652ad2840ad743c62b9c4473fb,1,126,
libero_object,1,pick_up_the_cream_cheese_and_place_it_in_the_basket,173,libero_object/pick_up_the_cream_cheese_and_place_it_in_the_basket/0173,simvla,/share/data/ripl/tianchong/projects/Eval_Policies_CoRL/checkpoints/simvla-libero@93dc4d90b0596c652ad2840ad743c62b9c4473fb,1,132,
libero_object,1,pick_up_the_cream_cheese_and_place_it_in_the_basket,174,libero_object/pick_up_the_cream_cheese_and_place_it_in_the_basket/0174,simvla,/share/data/ripl/tianchong/projects/Eval_Policies_CoRL/checkpoints/simvla-libero@93dc4d90b0596c652ad2840ad743c62b9c4473fb,1,128,
libero_object,1,pick_up_the_cream_cheese_and_place_it_in_the_basket,175,libero_object/pick_up_the_cream_cheese_and_place_it_in_the_basket/0175,simvla,/share/data/ripl/tianchong/projects/Eval_Policies_CoRL/checkpoints/simvla-libero@93dc4d90b0596c652ad2840ad743c62b9c4473fb,1,132,
libero_object,1,pick_up_the_cream_cheese_and_place_it_in_the_basket,176,libero_object/pick_up_the_cream_cheese_and_place_it_in_the_basket/0176,simvla,/share/data/ripl/tianchong/projects/Eval_Policies_CoRL/checkpoints/simvla-libero@93dc4d90b0596c652ad2840ad743c62b9c4473fb,1,127,
libero_object,1,pick_up_the_cream_cheese_and_place_it_in_the_basket,177,libero_object/pick_up_the_cream_cheese_and_place_it_in_the_basket/0177,simvla,/share/data/ripl/tianchong/projects/Eval_Policies_CoRL/checkpoints/simvla-libero@93dc4d90b0596c652ad2840ad743c62b9c4473fb,1,131,
libero_object,1,pick_up_the_cream_cheese_and_place_it_in_the_basket,178,libero_object/pick_up_the_cream_cheese_and_place_it_in_the_basket/0178,simvla,/share/data/ripl/tianchong/projects/Eval_Policies_CoRL/checkpoints/simvla-libero@93dc4d90b0596c652ad2840ad743c62b9c4473fb,1,126,
libero_object,1,pick_up_the_cream_cheese_and_place_it_in_the_basket,179,libero_object/pick_up_the_cream_cheese_and_place_it_in_the_basket/0179,simvla,/share/data/ripl/tianchong/projects/Eval_Policies_CoRL/checkpoints/simvla-libero@93dc4d90b0596c652ad2840ad743c62b9c4473fb,1,133,
libero_object,1,pick_up_the_cream_cheese_and_place_it_in_the_basket,180,libero_object/pick_up_the_cream_cheese_and_place_it_in_the_basket/0180,simvla,/share/data/ripl/tianchong/projects/Eval_Policies_CoRL/checkpoints/simvla-libero@93dc4d90b0596c652ad2840ad743c62b9c4473fb,1,126,
libero_object,1,pick_up_the_cream_cheese_and_place_it_in_the_basket,181,libero_object/pick_up_the_cream_cheese_and_place_it_in_the_basket/0181,simvla,/share/data/ripl/tianchong/projects/Eval_Policies_CoRL/checkpoints/simvla-libero@93dc4d90b0596c652ad2840ad743c62b9c4473fb,1,127,
libero_object,1,pick_up_the_cream_cheese_and_place_it_in_the_basket,182,libero_object/pick_up_the_cream_cheese_and_place_it_in_the_basket/0182,simvla,/share/data/ripl/tianchong/projects/Eval_Policies_CoRL/checkpoints/simvla-libero@93dc4d90b0596c652ad2840ad743c62b9c4473fb,1,124,
libero_object,1,pick_up_the_cream_cheese_and_place_it_in_the_basket,183,libero_object/pick_up_the_cream_cheese_and_place_it_in_the_basket/0183,simvla,/share/data/ripl/tianchong/projects/Eval_Policies_CoRL/checkpoints/simvla-libero@93dc4d90b0596c652ad2840ad743c62b9c4473fb,1,128,
libero_object,1,pick_up_the_cream_cheese_and_place_it_in_the_basket,184,libero_object/pick_up_the_cream_cheese_and_place_it_in_the_basket/0184,simvla,/share/data/ripl/tianchong/projects/Eval_Policies_CoRL/checkpoints/simvla-libero@93dc4d90b0596c652ad2840ad743c62b9c4473fb,1,127,
libero_object,1,pick_up_the_cream_cheese_and_place_it_in_the_basket,185,libero_object/pick_up_the_cream_cheese_and_place_it_in_the_basket/0185,simvla,/share/data/ripl/tianchong/projects/Eval_Policies_CoRL/checkpoints/simvla-libero@93dc4d90b0596c652ad2840ad743c62b9c4473fb,1,128,
libero_object,1,pick_up_the_cream_cheese_and_place_it_in_the_basket,186,libero_object/pick_up_the_cream_cheese_and_place_it_in_the_basket/0186,simvla,/share/data/ripl/tianchong/projects/Eval_Policies_CoRL/checkpoints/simvla-libero@93dc4d90b0596c652ad2840ad743c62b9c4473fb,1,129,
libero_object,1,pick_up_the_cream_cheese_and_place_it_in_the_basket,187,libero_object/pick_up_the_cream_cheese_and_place_it_in_the_basket/0187,simvla,/share/data/ripl/tianchong/projects/Eval_Policies_CoRL/checkpoints/simvla-libero@93dc4d90b0596c652ad2840ad743c62b9c4473fb,1,127,
libero_object,1,pick_up_the_cream_cheese_and_place_it_in_the_basket,188,libero_object/pick_up_the_cream_cheese_and_place_it_in_the_basket/0188,simvla,/share/data/ripl/tianchong/projects/Eval_Policies_CoRL/checkpoints/simvla-libero@93dc4d90b0596c652ad2840ad743c62b9c4473fb,1,137,
libero_object,1,pick_up_the_cream_cheese_and_place_it_in_the_basket,189,libero_object/pick_up_the_cream_cheese_and_place_it_in_the_basket/0189,simvla,/share/data/ripl/tianchong/projects/Eval_Policies_CoRL/checkpoints/simvla-libero@93dc4d90b0596c652ad2840ad743c62b9c4473fb,1,151,
libero_object,1,pick_up_the_cream_cheese_and_place_it_in_the_basket,190,libero_object/pick_up_the_cream_cheese_and_place_it_in_the_basket/0190,simvla,/share/data/ripl/tianchong/projects/Eval_Policies_CoRL/checkpoints/simvla-libero@93dc4d90b0596c652ad2840ad743c62b9c4473fb,1,134,
libero_object,1,pick_up_the_cream_cheese_and_place_it_in_the_basket,191,libero_object/pick_up_the_cream_cheese_and_place_it_in_the_basket/0191,simvla,/share/data/ripl/tianchong/projects/Eval_Policies_CoRL/checkpoints/simvla-libero@93dc4d90b0596c652ad2840ad743c62b9c4473fb,1,144,
libero_object,1,pick_up_the_cream_cheese_and_place_it_in_the_basket,192,libero_object/pick_up_the_cream_cheese_and_place_it_in_the_basket/0192,simvla,/share/data/ripl/tianchong/projects/Eval_Policies_CoRL/checkpoints/simvla-libero@93dc4d90b0596c652ad2840ad743c62b9c4473fb,1,127,
libero_object,1,pick_up_the_cream_cheese_and_place_it_in_the_basket,193,libero_object/pick_up_the_cream_cheese_and_place_it_in_the_basket/0193,simvla,/share/data/ripl/tianchong/projects/Eval_Policies_CoRL/checkpoints/simvla-libero@93dc4d90b0596c652ad2840ad743c62b9c4473fb,1,126,
libero_object,1,pick_up_the_cream_cheese_and_place_it_in_the_basket,194,libero_object/pick_up_the_cream_cheese_and_place_it_in_the_basket/0194,simvla,/share/data/ripl/tianchong/projects/Eval_Policies_CoRL/checkpoints/simvla-libero@93dc4d90b0596c652ad2840ad743c62b9c4473fb,1,134,
libero_object,1,pick_up_the_cream_cheese_and_place_it_in_the_basket,195,libero_object/pick_up_the_cream_cheese_and_place_it_in_the_basket/0195,simvla,/share/data/ripl/tianchong/projects/Eval_Policies_CoRL/checkpoints/simvla-libero@93dc4d90b0596c652ad2840ad743c62b9c4473fb,1,129,
libero_object,1,pick_up_the_cream_cheese_and_place_it_in_the_basket,196,libero_object/pick_up_the_cream_cheese_and_place_it_in_the_basket/0196,simvla,/share/data/ripl/tianchong/projects/Eval_Policies_CoRL/checkpoints/simvla-libero@93dc4d90b0596c652ad2840ad743c62b9c4473fb,1,127,
libero_object,1,pick_up_the_cream_cheese_and_place_it_in_the_basket,197,libero_object/pick_up_the_cream_cheese_and_place_it_in_the_basket/0197,simvla,/share/data/ripl/tianchong/projects/Eval_Policies_CoRL/checkpoints/simvla-libero@93dc4d90b0596c652ad2840ad743c62b9c4473fb,1,127,
libero_object,1,pick_up_the_cream_cheese_and_place_it_in_the_basket,198,libero_object/pick_up_the_cream_cheese_and_place_it_in_the_basket/0198,simvla,/share/data/ripl/tianchong/projects/Eval_Policies_CoRL/checkpoints/simvla-libero@93dc4d90b0596c652ad2840ad743c62b9c4473fb,1,126,
libero_object,1,pick_up_the_cream_cheese_and_place_it_in_the_basket,199,libero_object/pick_up_the_cream_cheese_and_place_it_in_the_basket/0199,simvla,/share/data/ripl/tianchong/projects/Eval_Policies_CoRL/checkpoints/simvla-libero@93dc4d90b0596c652ad2840ad743c62b9c4473fb,1,127,
libero_object,1,pick_up_the_cream_cheese_and_place_it_in_the_basket,200,libero_object/pick_up_the_cream_cheese_and_place_it_in_the_basket/0200,simvla,/share/data/ripl/tianchong/projects/Eval_Policies_CoRL/checkpoints/simvla-libero@93dc4d90b0596c652ad2840ad743c62b9c4473fb,1,130,
libero_object,1,pick_up_the_cream_cheese_and_place_it_in_the_basket,201,libero_object/pick_up_the_cream_cheese_and_place_it_in_the_basket/0201,simvla,/share/data/ripl/tianchong/projects/Eval_Policies_CoRL/checkpoints/simvla-libero@93dc4d90b0596c652ad2840ad743c62b9c4473fb,1,127,
libero_object,1,pick_up_the_cream_cheese_and_place_it_in_the_basket,202,libero_object/pick_up_the_cream_cheese_and_place_it_in_the_basket/0202,simvla,/share/data/ripl/tianchong/projects/Eval_Policies_CoRL/checkpoints/simvla-libero@93dc4d90b0596c652ad2840ad743c62b9c4473fb,1,126,
libero_object,1,pick_up_the_cream_cheese_and_place_it_in_the_basket,203,libero_object/pick_up_the_cream_cheese_and_place_it_in_the_basket/0203,simvla,/share/data/ripl/tianchong/projects/Eval_Policies_CoRL/checkpoints/simvla-libero@93dc4d90b0596c652ad2840ad743c62b9c4473fb,1,128,
libero_object,1,pick_up_the_cream_cheese_and_place_it_in_the_basket,204,libero_object/pick_up_the_cream_cheese_and_place_it_in_the_basket/0204,simvla,/share/data/ripl/tianchong/projects/Eval_Policies_CoRL/checkpoints/simvla-libero@93dc4d90b0596c652ad2840ad743c62b9c4473fb,1,126,
libero_object,1,pick_up_the_cream_cheese_and_place_it_in_the_basket,205,libero_object/pick_up_the_cream_cheese_and_place_it_in_the_basket/0205,simvla,/share/data/ripl/tianchong/projects/Eval_Policies_CoRL/checkpoints/simvla-libero@93dc4d90b0596c652ad2840ad743c62b9c4473fb,1,129,
libero_object,1,pick_up_the_cream_cheese_and_place_it_in_the_basket,206,libero_object/pick_up_the_cream_cheese_and_place_it_in_the_basket/0206,simvla,/share/data/ripl/tianchong/projects/Eval_Policies_CoRL/checkpoints/simvla-libero@93dc4d90b0596c652ad2840ad743c62b9c4473fb,1,128,
libero_object,1,pick_up_the_cream_cheese_and_place_it_in_the_basket,207,libero_object/pick_up_the_cream_cheese_and_place_it_in_the_basket/0207,simvla,/share/data/ripl/tianchong/projects/Eval_Policies_CoRL/checkpoints/simvla-libero@93dc4d90b0596c652ad2840ad743c62b9c4473fb,1,128,
libero_object,1,pick_up_the_cream_cheese_and_place_it_in_the_basket,208,libero_object/pick_up_the_cream_cheese_and_place_it_in_the_basket/0208,simvla,/share/data/ripl/tianchong/projects/Eval_Policies_CoRL/checkpoints/simvla-libero@93dc4d90b0596c652ad2840ad743c62b9c4473fb,1,132,
libero_object,1,pick_up_the_cream_cheese_and_place_it_in_the_basket,209,libero_object/pick_up_the_cream_cheese_and_place_it_in_the_basket/0209,simvla,/share/data/ripl/tianchong/projects/Eval_Policies_CoRL/checkpoints/simvla-libero@93dc4d90b0596c652ad2840ad743c62b9c4473fb,1,125,
libero_object,1,pick_up_the_cream_cheese_and_place_it_in_the_basket,210,libero_object/pick_up_the_cream_cheese_and_place_it_in_the_basket/0210,simvla,/share/data/ripl/tianchong/projects/Eval_Policies_CoRL/checkpoints/simvla-libero@93dc4d90b0596c652ad2840ad743c62b9c4473fb,1,127,
libero_object,1,pick_up_the_cream_cheese_and_place_it_in_the_basket,211,libero_object/pick_up_the_cream_cheese_and_place_it_in_the_basket/0211,simvla,/share/data/ripl/tianchong/projects/Eval_Policies_CoRL/checkpoints/simvla-libero@93dc4d90b0596c652ad2840ad743c62b9c4473fb,1,129,
libero_object,1,pick_up_the_cream_cheese_and_place_it_in_the_basket,212,libero_object/pick_up_the_cream_cheese_and_place_it_in_the_basket/0212,simvla,/share/data/ripl/tianchong/projects/Eval_Policies_CoRL/checkpoints/simvla-libero@93dc4d90b0596c652ad2840ad743c62b9c4473fb,1,128,
libero_object,1,pick_up_the_cream_cheese_and_place_it_in_the_basket,213,libero_object/pick_up_the_cream_cheese_and_place_it_in_the_basket/0213,simvla,/share/data/ripl/tianchong/projects/Eval_Policies_CoRL/checkpoints/simvla-libero@93dc4d90b0596c652ad2840ad743c62b9c4473fb,1,122,
libero_object,1,pick_up_the_cream_cheese_and_place_it_in_the_basket,214,libero_object/pick_up_the_cream_cheese_and_place_it_in_the_basket/0214,simvla,/share/data/ripl/tianchong/projects/Eval_Policies_CoRL/checkpoints/simvla-libero@93dc4d90b0596c652ad2840ad743c62b9c4473fb,1,126,
libero_object,1,pick_up_the_cream_cheese_and_place_it_in_the_basket,215,libero_object/pick_up_the_cream_cheese_and_place_it_in_the_basket/0215,simvla,/share/data/ripl/tianchong/projects/Eval_Policies_CoRL/checkpoints/simvla-libero@93dc4d90b0596c652ad2840ad743c62b9c4473fb,1,126,
libero_object,1,pick_up_the_cream_cheese_and_place_it_in_the_basket,216,libero_object/pick_up_the_cream_cheese_and_place_it_in_the_basket/0216,simvla,/share/data/ripl/tianchong/projects/Eval_Policies_CoRL/checkpoints/simvla-libero@93dc4d90b0596c652ad2840ad743c62b9c4473fb,1,133,
libero_object,1,pick_up_the_cream_cheese_and_place_it_in_the_basket,217,libero_object/pick_up_the_cream_cheese_and_place_it_in_the_basket/0217,simvla,/share/data/ripl/tianchong/projects/Eval_Policies_CoRL/checkpoints/simvla-libero@93dc4d90b0596c652ad2840ad743c62b9c4473fb,1,129,
libero_object,1,pick_up_the_cream_cheese_and_place_it_in_the_basket,218,libero_object/pick_up_the_cream_cheese_and_place_it_in_the_basket/0218,simvla,/share/data/ripl/tianchong/projects/Eval_Policies_CoRL/checkpoints/simvla-libero@93dc4d90b0596c652ad2840ad743c62b9c4473fb,1,125,
libero_object,1,pick_up_the_cream_cheese_and_place_it_in_the_basket,219,libero_object/pick_up_the_cream_cheese_and_place_it_in_the_basket/0219,simvla,/share/data/ripl/tianchong/projects/Eval_Policies_CoRL/checkpoints/simvla-libero@93dc4d90b0596c652ad2840ad743c62b9c4473fb,1,123,
libero_object,1,pick_up_the_cream_cheese_and_place_it_in_the_basket,220,libero_object/pick_up_the_cream_cheese_and_place_it_in_the_basket/0220,simvla,/share/data/ripl/tianchong/projects/Eval_Policies_CoRL/checkpoints/simvla-libero@93dc4d90b0596c652ad2840ad743c62b9c4473fb,1,127,
libero_object,1,pick_up_the_cream_cheese_and_place_it_in_the_basket,221,libero_object/pick_up_the_cream_cheese_and_place_it_in_the_basket/0221,simvla,/share/data/ripl/tianchong/projects/Eval_Policies_CoRL/checkpoints/simvla-libero@93dc4d90b0596c652ad2840ad743c62b9c4473fb,1,132,
libero_object,1,pick_up_the_cream_cheese_and_place_it_in_the_basket,222,libero_object/pick_up_the_cream_cheese_and_place_it_in_the_basket/0222,simvla,/share/data/ripl/tianchong/projects/Eval_Policies_CoRL/checkpoints/simvla-libero@93dc4d90b0596c652ad2840ad743c62b9c4473fb,1,127,
libero_object,1,pick_up_the_cream_cheese_and_place_it_in_the_basket,223,libero_object/pick_up_the_cream_cheese_and_place_it_in_the_basket/0223,simvla,/share/data/ripl/tianchong/projects/Eval_Policies_CoRL/checkpoints/simvla-libero@93dc4d90b0596c652ad2840ad743c62b9c4473fb,1,128,
libero_object,1,pick_up_the_cream_cheese_and_place_it_in_the_basket,224,libero_object/pick_up_the_cream_cheese_and_place_it_in_the_basket/0224,simvla,/share/data/ripl/tianchong/projects/Eval_Policies_CoRL/checkpoints/simvla-libero@93dc4d90b0596c652ad2840ad743c62b9c4473fb,1,129,
libero_object,1,pick_up_the_cream_cheese_and_place_it_in_the_basket,225,libero_object/pick_up_the_cream_cheese_and_place_it_in_the_basket/0225,simvla,/share/data/ripl/tianchong/projects/Eval_Policies_CoRL/checkpoints/simvla-libero@93dc4d90b0596c652ad2840ad743c62b9c4473fb,1,131,
libero_object,1,pick_up_the_cream_cheese_and_place_it_in_the_basket,226,libero_object/pick_up_the_cream_cheese_and_place_it_in_the_basket/0226,simvla,/share/data/ripl/tianchong/projects/Eval_Policies_CoRL/checkpoints/simvla-libero@93dc4d90b0596c652ad2840ad743c62b9c4473fb,1,171,
libero_object,1,pick_up_the_cream_cheese_and_place_it_in_the_basket,227,libero_object/pick_up_the_cream_cheese_and_place_it_in_the_basket/0227,simvla,/share/data/ripl/tianchong/projects/Eval_Policies_CoRL/checkpoints/simvla-libero@93dc4d90b0596c652ad2840ad743c62b9c4473fb,1,132,
libero_object,1,pick_up_the_cream_cheese_and_place_it_in_the_basket,228,libero_object/pick_up_the_cream_cheese_and_place_it_in_the_basket/0228,simvla,/share/data/ripl/tianchong/projects/Eval_Policies_CoRL/checkpoints/simvla-libero@93dc4d90b0596c652ad2840ad743c62b9c4473fb,1,130,
libero_object,1,pick_up_the_cream_cheese_and_place_it_in_the_basket,229,libero_object/pick_up_the_cream_cheese_and_place_it_in_the_basket/0229,simvla,/share/data/ripl/tianchong/projects/Eval_Policies_CoRL/checkpoints/simvla-libero@93dc4d90b0596c652ad2840ad743c62b9c4473fb,1,126,
libero_object,1,pick_up_the_cream_cheese_and_place_it_in_the_basket,230,libero_object/pick_up_the_cream_cheese_and_place_it_in_the_basket/0230,simvla,/share/data/ripl/tianchong/projects/Eval_Policies_CoRL/checkpoints/simvla-libero@93dc4d90b0596c652ad2840ad743c62b9c4473fb,1,127,
libero_object,1,pick_up_the_cream_cheese_and_place_it_in_the_basket,231,libero_object/pick_up_the_cream_cheese_and_place_it_in_the_basket/0231,simvla,/share/data/ripl/tianchong/projects/Eval_Policies_CoRL/checkpoints/simvla-libero@93dc4d90b0596c652ad2840ad743c62b9c4473fb,1,127,
libero_object,1,pick_up_the_cream_cheese_and_place_it_in_the_basket,232,libero_object/pick_up_the_cream_cheese_and_place_it_in_the_basket/0232,simvla,/share/data/ripl/tianchong/projects/Eval_Policies_CoRL/checkpoints/simvla-libero@93dc4d90b0596c652ad2840ad743c62b9c4473fb,1,128,
libero_object,1,pick_up_the_cream_cheese_and_place_it_in_the_basket,233,libero_object/pick_up_the_cream_cheese_and_place_it_in_the_basket/0233,simvla,/share/data/ripl/tianchong/projects/Eval_Policies_CoRL/checkpoints/simvla-libero@93dc4d90b0596c652ad2840ad743c62b9c4473fb,1,126,
libero_object,1,pick_up_the_cream_cheese_and_place_it_in_the_basket,234,libero_object/pick_up_the_cream_cheese_and_place_it_in_the_basket/0234,simvla,/share/data/ripl/tianchong/projects/Eval_Policies_CoRL/checkpoints/simvla-libero@93dc4d90b0596c652ad2840ad743c62b9c4473fb,1,126,
libero_object,1,pick_up_the_cream_cheese_and_place_it_in_the_basket,235,libero_object/pick_up_the_cream_cheese_and_place_it_in_the_basket/0235,simvla,/share/data/ripl/tianchong/projects/Eval_Policies_CoRL/checkpoints/simvla-libero@93dc4d90b0596c652ad2840ad743c62b9c4473fb,1,152,
libero_object,1,pick_up_the_cream_cheese_and_place_it_in_the_basket,236,libero_object/pick_up_the_cream_cheese_and_place_it_in_the_basket/0236,simvla,/share/data/ripl/tianchong/projects/Eval_Policies_CoRL/checkpoints/simvla-libero@93dc4d90b0596c652ad2840ad743c62b9c4473fb,1,134,
libero_object,1,pick_up_the_cream_cheese_and_place_it_in_the_basket,237,libero_object/pick_up_the_cream_cheese_and_place_it_in_the_basket/0237,simvla,/share/data/ripl/tianchong/projects/Eval_Policies_CoRL/checkpoints/simvla-libero@93dc4d90b0596c652ad2840ad743c62b9c4473fb,1,133,
libero_object,1,pick_up_the_cream_cheese_and_place_it_in_the_basket,238,libero_object/pick_up_the_cream_cheese_and_place_it_in_the_basket/0238,simvla,/share/data/ripl/tianchong/projects/Eval_Policies_CoRL/checkpoints/simvla-libero@93dc4d90b0596c652ad2840ad743c62b9c4473fb,1,129,
libero_object,1,pick_up_the_cream_cheese_and_place_it_in_the_basket,239,libero_object/pick_up_the_cream_cheese_and_place_it_in_the_basket/0239,simvla,/share/data/ripl/tianchong/projects/Eval_Policies_CoRL/checkpoints/simvla-libero@93dc4d90b0596c652ad2840ad743c62b9c4473fb,1,130,
libero_object,1,pick_up_the_cream_cheese_and_place_it_in_the_basket,240,libero_object/pick_up_the_cream_cheese_and_place_it_in_the_basket/0240,simvla,/share/data/ripl/tianchong/projects/Eval_Policies_CoRL/checkpoints/simvla-libero@93dc4d90b0596c652ad2840ad743c62b9c4473fb,1,127,
libero_object,1,pick_up_the_cream_cheese_and_place_it_in_the_basket,241,libero_object/pick_up_the_cream_cheese_and_place_it_in_the_basket/0241,simvla,/share/data/ripl/tianchong/projects/Eval_Policies_CoRL/checkpoints/simvla-libero@93dc4d90b0596c652ad2840ad743c62b9c4473fb,1,126,
libero_object,1,pick_up_the_cream_cheese_and_place_it_in_the_basket,242,libero_object/pick_up_the_cream_cheese_and_place_it_in_the_basket/0242,simvla,/share/data/ripl/tianchong/projects/Eval_Policies_CoRL/checkpoints/simvla-libero@93dc4d90b0596c652ad2840ad743c62b9c4473fb,1,126,
libero_object,1,pick_up_the_cream_cheese_and_place_it_in_the_basket,243,libero_object/pick_up_the_cream_cheese_and_place_it_in_the_basket/0243,simvla,/share/data/ripl/tianchong/projects/Eval_Policies_CoRL/checkpoints/simvla-libero@93dc4d90b0596c652ad2840ad743c62b9c4473fb,1,128,
libero_object,1,pick_up_the_cream_cheese_and_place_it_in_the_basket,244,libero_object/pick_up_the_cream_cheese_and_place_it_in_the_basket/0244,simvla,/share/data/ripl/tianchong/projects/Eval_Policies_CoRL/checkpoints/simvla-libero@93dc4d90b0596c652ad2840ad743c62b9c4473fb,1,127,
libero_object,1,pick_up_the_cream_cheese_and_place_it_in_the_basket,245,libero_object/pick_up_the_cream_cheese_and_place_it_in_the_basket/0245,simvla,/share/data/ripl/tianchong/projects/Eval_Policies_CoRL/checkpoints/simvla-libero@93dc4d90b0596c652ad2840ad743c62b9c4473fb,1,126,
libero_object,1,pick_up_the_cream_cheese_and_place_it_in_the_basket,246,libero_object/pick_up_the_cream_cheese_and_place_it_in_the_basket/0246,simvla,/share/data/ripl/tianchong/projects/Eval_Policies_CoRL/checkpoints/simvla-libero@93dc4d90b0596c652ad2840ad743c62b9c4473fb,1,128,
libero_object,1,pick_up_the_cream_cheese_and_place_it_in_the_basket,247,libero_object/pick_up_the_cream_cheese_and_place_it_in_the_basket/0247,simvla,/share/data/ripl/tianchong/projects/Eval_Policies_CoRL/checkpoints/simvla-libero@93dc4d90b0596c652ad2840ad743c62b9c4473fb,1,171,
libero_object,1,pick_up_the_cream_cheese_and_place_it_in_the_basket,248,libero_object/pick_up_the_cream_cheese_and_place_it_in_the_basket/0248,simvla,/share/data/ripl/tianchong/projects/Eval_Policies_CoRL/checkpoints/simvla-libero@93dc4d90b0596c652ad2840ad743c62b9c4473fb,1,149,
libero_object,1,pick_up_the_cream_cheese_and_place_it_in_the_basket,249,libero_object/pick_up_the_cream_cheese_and_place_it_in_the_basket/0249,simvla,/share/data/ripl/tianchong/projects/Eval_Policies_CoRL/checkpoints/simvla-libero@93dc4d90b0596c652ad2840ad743c62b9c4473fb,1,128,
